Workbook

Sheet калькулятор
A1: Проект | B1: Тестовый проект | E1: Переход из предыдущего этапа (да/нет) | F1: Нет | K1: Должность | O1: РУПК | P1: Должность
E2: Старт нового этапа | O2: Условная должность
E3: Отношение к БС (для использования К переданных к перевыставлению затрат) | F3: Нет | G3: 1 | K3: ФИО | O3: Тестова Восемнадцать | P3: ФИО
K4: =IF(OR(O1="КУПК (РП/ЗРП)",O1="КУПК"),"NPV стартовый","") | P4: =IF(OR(T1="КУПК (РП/ЗРП)",T1="КУПК"),"NPV стартовый","")
K5: Дата начала работы на этапе | O5: 45748 | P5: Дата начала работы на этапе
K6: Длительность текущего этапа | O6: =(MAX($G15:$G39,K15:K39))-O$5+1 -> 548 | P6: Длительность текущего этапа | T6: =(MAX($G15:$G39,P15:P39))-T$5+1 -> 46296
K7: Проектный бонус (ПБ) этапа с учетом % загруженности | O7: =IFERROR(SUM(O$45:O$79),0) -> 3603287.7 | P7: Проектный бонус (ПБ) этапа с учетом % загруженности | T7: =IFERROR(SUM(T$45:T$79),0) -> 0
K8: Сумма на авансы по вехам | O8: =O$7*0.67 -> 2414202.7 | P8: Сумма на авансы по вехам | T8: =T$7*0.67 -> 0
K9: Остаток бонуса на финал этапа (при 100% выполнении сроков) | O9: =O$7-O$8 -> 1189084.9 | P9: Остаток бонуса на финал этапа (при 100% выполнении сроков) | T9: =T$7-T$8 -> 0
K10: =IF(OR(O1="КУПК (РП/ЗРП)",O1="КУПК"),"Коэф.фин.результата этапа","") | O10: =IF(O1="КУПК (РП/ЗРП)",MIN(1.5,MAX(0.5,IF(O4<500000000,IF(ABS(O11-O4)>50000000,1+0.05/100000000*(O11-O4),1),O11/O4))),IF(O1="КУПК",MIN(1.25,MAX(0.75,IF(O4<500000000, IF(ABS(O11-O4)>50000000,1+0.05/100000000*(O11-O4),1),O11/O4))),"")) | P10: =IF(OR(T1="КУПК (РП/ЗРП)",T1="КУПК"),"Коэф.фин.результата этапа","") | T10: =IF(T1="КУПК (РП/ЗРП)",MIN(1.5,MAX(0.5,IF(T4<500000000,IF(ABS(T11-T4)>50000000,1+0.05/100000000*(T11-T4),1),T11/T4))),IF(T1="КУПК",MIN(1.25,MAX(0.75,IF(T4<500000000, IF(ABS(T11-T4)>50000000,1+0.05/100000000*(T11-T4),1),T11/T4))),""))
K11: =IF(OR(O1="КУПК (РП/ЗРП)",O1="КУПК"),"NPV текущий","") | P11: =IF(OR(T1="КУПК (РП/ЗРП)",T1="КУПК"),"NPV текущий","")
K13: =IF(O12="","","Остаток бонуса на конец этапа") | O13: {=IFERROR(IF(O$12="","",IF($H36="","",IF(K36="",_xlfn.IFS(O$1="МП", IF(((O$7*IF(AND(OR(O$1="КУПК",O$1="РУПК"),$F$3="Да"),90%+10%*MAX(0,MIN(1,($G$3-40%)*2)),1))/O$6*(O$12-O$5+IF(K$12="Дата ухода с проекта (этапа)",1,0)))*(1+(MIN(0,$I36)*1%))*((AVERAGE(O16:O35)-50%)*2)-SUM(N16:N35)<0, 0, ((O$7*IF(AND(OR(O$1="КУПК",O$1="РУПК"),$F$3="Да"),90%+10%*MAX(0,MIN(1,($G$3-40%)*2)),1))/O$6*(O$12-O$5+IF(K$12="Дата ухода с проекта (этапа)",1,0)))*(1+(MIN(0,$I36)*1%))*((AVERAGE(O16:O35)-50%)*2)-SUM(N16:N35)),O$1="РУПК", IF(((O$7*IF(AND(OR(O$1="КУПК",O$1="РУПК"),$F$3="Да"),90%+10%*MAX(0,MIN(1,($G$3-40%)*2)),1))/O$6*(O$12-O$5+IF(K$12="Дата ухода с проекта (этапа)",1,0)))*(1+(MIN(0,$I36)*1%))-SUM(N16:N35)<0, 0, ((O$7*IF(AND(OR(O$1="КУПК",O$1="РУПК"),$F$3="Да"),90%+10%*MAX(0,MIN(1,($G$3-40%)*2)),1))/O$6*(O$12-O$5+IF(K$12="Дата ухода с проекта (этапа)",1,0)))*(1+(MIN(0,$I36)*1%))-SUM(N16:N35)),OR(O$1="КУПК",O$1="КУПК (РП/ЗРП)"), IF(((O$7*IF(AND(OR(O$1="КУПК",O$1="РУПК"),$F$3="Да"),90%+10%*MAX(0,MIN(1,($G$3-40%)*2)),1))/O$6*(O$12-O$5+IF(K$12="Дата ухода с проекта (этапа)",1,0)))*O$10*(1+(MIN(0,$I36)*1%))-SUM(N16:N35)<0, 0, ((O$7*IF(AND(OR(O$1="КУПК",O$1="РУПК"),$F$3="Да"),90%+10%*MAX(0,MIN(1,($G$3-40%)*2)),1))/O$6*(O$12-O$5+IF(K$12="Дата ухода с проекта (этапа)",1,0)))*O$10*(1+(MIN(0,$I36)*1%))-SUM(N16:N35))),_xlfn.IFS(O$1="МП", IF(((O$7*IF(AND(OR(O$1="КУПК",O$1="РУПК"),$F$3="Да"),90%+10%*MAX(0,MIN(1,($G$3-40%)*2)),1))/O$6*(O$12-O$5+IF(K$12="Дата ухода с проекта (этапа)",1,0)))*(1+(MIN(0,K36-$H36)*1%))*((AVERAGE(O16:O35)-50%)*2)-SUM(N16:N35)<0, 0, ((O$7*IF(AND(OR(O$1="КУПК",O$1="РУПК"),$F$3="Да"),90%+10%*MAX(0,MIN(1,($G$3-40%)*2)),1))/O$6*(O$12-O$5+IF(K$12="Дата ухода с проекта (этапа)",1,0)))*(1+(MIN(0,K36-$H36)*1%))*((AVERAGE(O16:O35)-50%)*2)-SUM(N16:N35)),O$1="РУПК", IF(((O$7*IF(AND(OR(O$1="КУПК",O$1="РУПК"),$F$3="Да"),90%+10%*MAX(0,MIN(1,($G$3-40%)*2)),1))/O$6*(O$12-O$5+IF(K$12="Дата ухода с проекта (этапа)",1,0)))*(1+(MIN(0,K36-$H36)*1%))-SUM(N16:N35)<0, 0, ((O$7*IF(AND(OR(O$1="КУПК",O$1="РУПК"),$F$3="Да"),90%+10%*MAX(0,MIN(1,($G$3-40%)*2)),1))/O$6*(O$12-O$5+IF(K$12="Дата ухода с проекта (этапа)",1,0)))*(1+(MIN(0,K36-$H36)*1%))-SUM(N16:N35)),OR(O$1="КУПК",O$1="КУПК (РП/ЗРП)"), IF(((O$7*IF(AND(OR(O$1="КУПК",O$1="РУПК"),$F$3="Да"),90%+10%*MAX(0,MIN(1,($G$3-40%)*2)),1))/O$6*(O$12-O$5+IF(K$12="Дата ухода с проекта (этапа)",1,0)))*O$10*(1+(MIN(0,K36-$H36)*1%))-SUM(N16:N35)<0, 0, ((O$7*IF(AND(OR(O$1="КУПК",O$1="РУПК"),$F$3="Да"),90%+10%*MAX(0,MIN(1,($G$3-40%)*2)),1))/O$6*(O$12-O$5+IF(K$12="Дата ухода с проекта (этапа)",1,0)))*O$10*(1+(MIN(0,K36-$H36)*1%))-SUM(N16:N35)))))),"")} | P13: =IF(T12="","","Остаток бонуса на конец этапа") | T13: {=IFERROR(IF(T$12="","",IF($H36="","",IF(P36="",_xlfn.IFS(T$1="МП", IF(((T$7*IF(AND(OR(T$1="КУПК",T$1="РУПК"),$F$3="Да"),90%+10%*MAX(0,MIN(1,($G$3-40%)*2)),1))/T$6*(T$12-T$5+IF(P$12="Дата ухода с проекта (этапа)",1,0)))*(1+(MIN(0,$I36)*1%))*((AVERAGE(T16:T35)-50%)*2)-SUM(S16:S35)<0, 0, ((T$7*IF(AND(OR(T$1="КУПК",T$1="РУПК"),$F$3="Да"),90%+10%*MAX(0,MIN(1,($G$3-40%)*2)),1))/T$6*(T$12-T$5+IF(P$12="Дата ухода с проекта (этапа)",1,0)))*(1+(MIN(0,$I36)*1%))*((AVERAGE(T16:T35)-50%)*2)-SUM(S16:S35)),T$1="РУПК", IF(((T$7*IF(AND(OR(T$1="КУПК",T$1="РУПК"),$F$3="Да"),90%+10%*MAX(0,MIN(1,($G$3-40%)*2)),1))/T$6*(T$12-T$5+IF(P$12="Дата ухода с проекта (этапа)",1,0)))*(1+(MIN(0,$I36)*1%))-SUM(S16:S35)<0, 0, ((T$7*IF(AND(OR(T$1="КУПК",T$1="РУПК"),$F$3="Да"),90%+10%*MAX(0,MIN(1,($G$3-40%)*2)),1))/T$6*(T$12-T$5+IF(P$12="Дата ухода с проекта (этапа)",1,0)))*(1+(MIN(0,$I36)*1%))-SUM(S16:S35)),OR(T$1="КУПК",T$1="КУПК (РП/ЗРП)"), IF(((T$7*IF(AND(OR(T$1="КУПК",T$1="РУПК"),$F$3="Да"),90%+10%*MAX(0,MIN(1,($G$3-40%)*2)),1))/T$6*(T$12-T$5+IF(P$12="Дата ухода с проекта (этапа)",1,0)))*T$10*(1+(MIN(0,$I36)*1%))-SUM(S16:S35)<0, 0, ((T$7*IF(AND(OR(T$1="КУПК",T$1="РУПК"),$F$3="Да"),90%+10%*MAX(0,MIN(1,($G$3-40%)*2)),1))/T$6*(T$12-T$5+IF(P$12="Дата ухода с проекта (этапа)",1,0)))*T$10*(1+(MIN(0,$I36)*1%))-SUM(S16:S35))),_xlfn.IFS(T$1="МП", IF(((T$7*IF(AND(OR(T$1="КУПК",T$1="РУПК"),$F$3="Да"),90%+10%*MAX(0,MIN(1,($G$3-40%)*2)),1))/T$6*(T$12-T$5+IF(P$12="Дата ухода с проекта (этапа)",1,0)))*(1+(MIN(0,P36-$H36)*1%))*((AVERAGE(T16:T35)-50%)*2)-SUM(S16:S35)<0, 0, ((T$7*IF(AND(OR(T$1="КУПК",T$1="РУПК"),$F$3="Да"),90%+10%*MAX(0,MIN(1,($G$3-40%)*2)),1))/T$6*(T$12-T$5+IF(P$12="Дата ухода с проекта (этапа)",1,0)))*(1+(MIN(0,P36-$H36)*1%))*((AVERAGE(T16:T35)-50%)*2)-SUM(S16:S35)),T$1="РУПК", IF(((T$7*IF(AND(OR(T$1="КУПК",T$1="РУПК"),$F$3="Да"),90%+10%*MAX(0,MIN(1,($G$3-40%)*2)),1))/T$6*(T$12-T$5+IF(P$12="Дата ухода с проекта (этапа)",1,0)))*(1+(MIN(0,P36-$H36)*1%))-SUM(S16:S35)<0, 0, ((T$7*IF(AND(OR(T$1="КУПК",T$1="РУПК"),$F$3="Да"),90%+10%*MAX(0,MIN(1,($G$3-40%)*2)),1))/T$6*(T$12-T$5+IF(P$12="Дата ухода с проекта (этапа)",1,0)))*(1+(MIN(0,P36-$H36)*1%))-SUM(S16:S35)),OR(T$1="КУПК",T$1="КУПК (РП/ЗРП)"), IF(((T$7*IF(AND(OR(T$1="КУПК",T$1="РУПК"),$F$3="Да"),90%+10%*MAX(0,MIN(1,($G$3-40%)*2)),1))/T$6*(T$12-T$5+IF(P$12="Дата ухода с проекта (этапа)",1,0)))*T$10*(1+(MIN(0,P36-$H36)*1%))-SUM(S16:S35)<0, 0, ((T$7*IF(AND(OR(T$1="КУПК",T$1="РУПК"),$F$3="Да"),90%+10%*MAX(0,MIN(1,($G$3-40%)*2)),1))/T$6*(T$12-T$5+IF(P$12="Дата ухода с проекта (этапа)",1,0)))*T$10*(1+(MIN(0,P36-$H36)*1%))-SUM(S16:S35)))))),"")}
K14: Итого к выплате за отчётный квартал | P14: Итого к выплате за отчётный квартал
C15: Этап | D15: №п/п | E15: Наименование вехи | F15: Корпус/ Строение/ Очередь | G15: Плановый срок | H15: Фактический срок выполнения | I15: Просрочка/опережение к.дн | J15: Дата выплаты бонуса за веху | K15: Инд. Срок | M15: Вес вехи | N15: Сумма бонуса вехи | O15: =IF(OR(O1="КУПК (РП/ЗРП)",O1="КУПК"),"Комментарий/NPV/KPI","Комментарий") -> Комментарий | P15: Инд. Срок | R15: Вес вехи | S15: Сумма бонуса вехи | T15: =IF(OR(T1="КУПК (РП/ЗРП)",T1="КУПК"),"Комментарий/NPV/KPI","Комментарий") -> Комментарий
B16: =CONCATENATE(E16," ",F16) -> Мотивационная веха 1 | C16: 4 | D16: 1 | E16: Мотивационная веха 1 | G16: 45838 | H16: 45838 | I16: =IF(H16="","",G16-H16) -> 0 | J16: =IF(H16="","",(DATE(YEAR(H16),ROUNDUP(MONTH(H16)/3,0)*3+2,10)-IF(WEEKDAY(DATE(YEAR(H16),ROUNDUP(MONTH(H16)/3,0)*3+2,10),2)>5,WEEKDAY(DATE(YEAR(H16),ROUNDUP(MONTH(H16)/3,0)*3+2,10),2)-5,0))) -> 45877 | M16: {=IFERROR( IF($E16="","",IF(AND($F$1="Да",$F$2=O$5),IF(COUNTIF($E$16:$E$35,"<>")=0,"Веха не участвует в расчете выплат за квартал",1/COUNTIF($E$16:$E$35,"<>")),IF(IF(K16="",$G16,K16)="", "Веха не участвует в расчете выплат за квартал", IF(INT(IF(K16="",$G16,K16))<INT(O$5+60), "Веха не участвует в расчете выплат за квартал", IF(SUMPRODUCT(($E$16:$E$35<>"")*(IF(IF(K$16:K$35="",$G$16:$G$35,K$16:K$35)="",0,INT(IF(K$16:K$35="",$G$16:$G$35,K$16:K$35)))>=INT(O$5+60)))=0,"Веха не участвует в расчете выплат за квартал",1/SUMPRODUCT(($E$16:$E$35<>"")*(IF(IF(K$16:K$35="",$G$16:$G$35,K$16:K$35)="",0,INT(IF(K$16:K$35="",$G$16:$G$35,K$16:K$35)))>=INT(O$5+60)))))))),"")} -> 0.16666667 | N16: =IFERROR(IF(AND(O$12<>"",$H16>O$12),0,IF($I16<-100,0,IF(IF(AND($F$1="Да",$F$2=O$5),TRUE(),IF(K16="",$G16,K16)>=O$5+60),IF($H16="","",IF(AND(O$1="МП",_xlfn.ISFORMULA(O16)),"Впиши средний KPI за прошлые кварталы",O$8*M16*IF(AND(OR(O$1="КУПК",O$1="РУПК"),$F$3="Да"),90%+10%*MAX(0,MIN(1,($G$3-40%)*2)),1)*MIN((1+IF(K16="",$I16,K16-$H16)*1%)*IF(O$1="РУПК",1,IF(O$1="МП",(O16-50%)*2,O$10)),IF(O$1="РУПК",1.5,IF(O$1="МП",(O16-50%)*2*1.5,1.5*O$10))))),"Веха не участвует в расчете выплат за квартал"))),"") -> 402367.12 | O16: =IFERROR(IF(ISTEXT(N16),"",IF(AND(OR(O$1="КУПК",O$1="КУПК (РП/ЗРП)"),N16>0),IF($H16="","",CONCATENATE("Расчёт при NPV = ",TEXT(O$11,"# ##0 ₽"),". Коэф. фин. рез. = ",ROUND(O$10,2))),"")),"") | R16: {=IFERROR( IF($E16="","",IF(AND($F$1="Да",$F$2=T$5),IF(COUNTIF($E$16:$E$35,"<>")=0,"Веха не участвует в расчете выплат за квартал",1/COUNTIF($E$16:$E$35,"<>")),IF(IF(P16="",$G16,P16)="", "Веха не участвует в расчете выплат за квартал", IF(INT(IF(P16="",$G16,P16))<INT(T$5+60), "Веха не участвует в расчете выплат за квартал", IF(SUMPRODUCT(($E$16:$E$35<>"")*(IF(IF(P$16:P$35="",$G$16:$G$35,P$16:P$35)="",0,INT(IF(P$16:P$35="",$G$16:$G$35,P$16:P$35)))>=INT(T$5+60)))=0,"Веха не участвует в расчете выплат за квартал",1/SUMPRODUCT(($E$16:$E$35<>"")*(IF(IF(P$16:P$35="",$G$16:$G$35,P$16:P$35)="",0,INT(IF(P$16:P$35="",$G$16:$G$35,P$16:P$35)))>=INT(T$5+60)))))))),"")} -> 0.16666667 | S16: =IFERROR(IF(AND(T$12<>"",$H16>T$12),0,IF($I16<-100,0,IF(IF(AND($F$1="Да",$F$2=T$5),TRUE(),IF(P16="",$G16,P16)>=T$5+60),IF($H16="","",IF(AND(T$1="МП",_xlfn.ISFORMULA(T16)),"Впиши средний KPI за прошлые кварталы",T$8*R16*IF(AND(OR(T$1="КУПК",T$1="РУПК"),$F$3="Да"),90%+10%*MAX(0,MIN(1,($G$3-40%)*2)),1)*MIN((1+IF(P16="",$I16,P16-$H16)*1%)*IF(T$1="РУПК",1,IF(T$1="МП",(T16-50%)*2,T$10)),IF(T$1="РУПК",1.5,IF(T$1="МП",(T16-50%)*2*1.5,1.5*T$10))))),"Веха не участвует в расчете выплат за квартал"))),"") | T16: =IFERROR(IF(ISTEXT(S16),"",IF(AND(OR(T$1="КУПК",T$1="КУПК (РП/ЗРП)"),S16>0),IF($H16="","",CONCATENATE("Расчёт при NPV = ",TEXT(T$11,"# ##0 ₽"),". Коэф. фин. рез. = ",ROUND(T$10,2))),"")),"")
B17: =CONCATENATE(E17," ",F17) -> Мотивационная веха 2 | C17: 4 | D17: 2 | E17: Мотивационная веха 2 | G17: 45930 | I17: =IF(H17="","",G17-H17) | J17: =IF(H17="","",(DATE(YEAR(H17),ROUNDUP(MONTH(H17)/3,0)*3+2,10)-IF(WEEKDAY(DATE(YEAR(H17),ROUNDUP(MONTH(H17)/3,0)*3+2,10),2)>5,WEEKDAY(DATE(YEAR(H17),ROUNDUP(MONTH(H17)/3,0)*3+2,10),2)-5,0))) | M17: {=IFERROR( IF($E17="","",IF(AND($F$1="Да",$F$2=O$5),IF(COUNTIF($E$16:$E$35,"<>")=0,"Веха не участвует в расчете выплат за квартал",1/COUNTIF($E$16:$E$35,"<>")),IF(IF(K17="",$G17,K17)="", "Веха не участвует в расчете выплат за квартал", IF(INT(IF(K17="",$G17,K17))<INT(O$5+60), "Веха не участвует в расчете выплат за квартал", IF(SUMPRODUCT(($E$16:$E$35<>"")*(IF(IF(K$16:K$35="",$G$16:$G$35,K$16:K$35)="",0,INT(IF(K$16:K$35="",$G$16:$G$35,K$16:K$35)))>=INT(O$5+60)))=0,"Веха не участвует в расчете выплат за квартал",1/SUMPRODUCT(($E$16:$E$35<>"")*(IF(IF(K$16:K$35="",$G$16:$G$35,K$16:K$35)="",0,INT(IF(K$16:K$35="",$G$16:$G$35,K$16:K$35)))>=INT(O$5+60)))))))),"")} -> 0.16666667 | N17: =IFERROR(IF(AND(O$12<>"",$H17>O$12),0,IF($I17<-100,0,IF(IF(AND($F$1="Да",$F$2=O$5),TRUE(),IF(K17="",$G17,K17)>=O$5+60),IF($H17="","",IF(AND(O$1="МП",_xlfn.ISFORMULA(O17)),"Впиши средний KPI за прошлые кварталы",O$8*M17*IF(AND(OR(O$1="КУПК",O$1="РУПК"),$F$3="Да"),90%+10%*MAX(0,MIN(1,($G$3-40%)*2)),1)*MIN((1+IF(K17="",$I17,K17-$H17)*1%)*IF(O$1="РУПК",1,IF(O$1="МП",(O17-50%)*2,O$10)),IF(O$1="РУПК",1.5,IF(O$1="МП",(O17-50%)*2*1.5,1.5*O$10))))),"Веха не участвует в расчете выплат за квартал"))),"") | O17: =IFERROR(IF(ISTEXT(N17),"",IF(AND(OR(O$1="КУПК",O$1="КУПК (РП/ЗРП)"),N17>0),IF($H17="","",CONCATENATE("Расчёт при NPV = ",TEXT(O$11,"# ##0 ₽"),". Коэф. фин. рез. = ",ROUND(O$10,2))),"")),"") | R17: {=IFERROR( IF($E17="","",IF(AND($F$1="Да",$F$2=T$5),IF(COUNTIF($E$16:$E$35,"<>")=0,"Веха не участвует в расчете выплат за квартал",1/COUNTIF($E$16:$E$35,"<>")),IF(IF(P17="",$G17,P17)="", "Веха не участвует в расчете выплат за квартал", IF(INT(IF(P17="",$G17,P17))<INT(T$5+60), "Веха не участвует в расчете выплат за квартал", IF(SUMPRODUCT(($E$16:$E$35<>"")*(IF(IF(P$16:P$35="",$G$16:$G$35,P$16:P$35)="",0,INT(IF(P$16:P$35="",$G$16:$G$35,P$16:P$35)))>=INT(T$5+60)))=0,"Веха не участвует в расчете выплат за квартал",1/SUMPRODUCT(($E$16:$E$35<>"")*(IF(IF(P$16:P$35="",$G$16:$G$35,P$16:P$35)="",0,INT(IF(P$16:P$35="",$G$16:$G$35,P$16:P$35)))>=INT(T$5+60)))))))),"")} -> 0.16666667 | S17: =IFERROR(IF(AND(T$12<>"",$H17>T$12),0,IF($I17<-100,0,IF(IF(AND($F$1="Да",$F$2=T$5),TRUE(),IF(P17="",$G17,P17)>=T$5+60),IF($H17="","",IF(AND(T$1="МП",_xlfn.ISFORMULA(T17)),"Впиши средний KPI за прошлые кварталы",T$8*R17*IF(AND(OR(T$1="КУПК",T$1="РУПК"),$F$3="Да"),90%+10%*MAX(0,MIN(1,($G$3-40%)*2)),1)*MIN((1+IF(P17="",$I17,P17-$H17)*1%)*IF(T$1="РУПК",1,IF(T$1="МП",(T17-50%)*2,T$10)),IF(T$1="РУПК",1.5,IF(T$1="МП",(T17-50%)*2*1.5,1.5*T$10))))),"Веха не участвует в расчете выплат за квартал"))),"") | T17: =IFERROR(IF(ISTEXT(S17),"",IF(AND(OR(T$1="КУПК",T$1="КУПК (РП/ЗРП)"),S17>0),IF($H17="","",CONCATENATE("Расчёт при NPV = ",TEXT(T$11,"# ##0 ₽"),". Коэф. фин. рез. = ",ROUND(T$10,2))),"")),"")
B18: =CONCATENATE(E18," ",F18) -> Мотивационная веха 3 | C18: 4 | D18: =D17+1 -> 3 | E18: Мотивационная веха 3 | G18: 46006 | H18: 46006 | I18: =IF(H18="","",G18-H18) -> 0 | J18: =IF(H18="","",(DATE(YEAR(H18),ROUNDUP(MONTH(H18)/3,0)*3+2,10)-IF(WEEKDAY(DATE(YEAR(H18),ROUNDUP(MONTH(H18)/3,0)*3+2,10),2)>5,WEEKDAY(DATE(YEAR(H18),ROUNDUP(MONTH(H18)/3,0)*3+2,10),2)-5,0))) -> 46063 | M18: {=IFERROR( IF($E18="","",IF(AND($F$1="Да",$F$2=O$5),IF(COUNTIF($E$16:$E$35,"<>")=0,"Веха не участвует в расчете выплат за квартал",1/COUNTIF($E$16:$E$35,"<>")),IF(IF(K18="",$G18,K18)="", "Веха не участвует в расчете выплат за квартал", IF(INT(IF(K18="",$G18,K18))<INT(O$5+60), "Веха не участвует в расчете выплат за квартал", IF(SUMPRODUCT(($E$16:$E$35<>"")*(IF(IF(K$16:K$35="",$G$16:$G$35,K$16:K$35)="",0,INT(IF(K$16:K$35="",$G$16:$G$35,K$16:K$35)))>=INT(O$5+60)))=0,"Веха не участвует в расчете выплат за квартал",1/SUMPRODUCT(($E$16:$E$35<>"")*(IF(IF(K$16:K$35="",$G$16:$G$35,K$16:K$35)="",0,INT(IF(K$16:K$35="",$G$16:$G$35,K$16:K$35)))>=INT(O$5+60)))))))),"")} -> 0.16666667 | N18: =IFERROR(IF(AND(O$12<>"",$H18>O$12),0,IF($I18<-100,0,IF(IF(AND($F$1="Да",$F$2=O$5),TRUE(),IF(K18="",$G18,K18)>=O$5+60),IF($H18="","",IF(AND(O$1="МП",_xlfn.ISFORMULA(O18)),"Впиши средний KPI за прошлые кварталы",O$8*M18*IF(AND(OR(O$1="КУПК",O$1="РУПК"),$F$3="Да"),90%+10%*MAX(0,MIN(1,($G$3-40%)*2)),1)*MIN((1+IF(K18="",$I18,K18-$H18)*1%)*IF(O$1="РУПК",1,IF(O$1="МП",(O18-50%)*2,O$10)),IF(O$1="РУПК",1.5,IF(O$1="МП",(O18-50%)*2*1.5,1.5*O$10))))),"Веха не участвует в расчете выплат за квартал"))),"") -> 402367.12 | O18: =IFERROR(IF(ISTEXT(N18),"",IF(AND(OR(O$1="КУПК",O$1="КУПК (РП/ЗРП)"),N18>0),IF($H18="","",CONCATENATE("Расчёт при NPV = ",TEXT(O$11,"# ##0 ₽"),". Коэф. фин. рез. = ",ROUND(O$10,2))),"")),"") | R18: {=IFERROR( IF($E18="","",IF(AND($F$1="Да",$F$2=T$5),IF(COUNTIF($E$16:$E$35,"<>")=0,"Веха не участвует в расчете выплат за квартал",1/COUNTIF($E$16:$E$35,"<>")),IF(IF(P18="",$G18,P18)="", "Веха не участвует в расчете выплат за квартал", IF(INT(IF(P18="",$G18,P18))<INT(T$5+60), "Веха не участвует в расчете выплат за квартал", IF(SUMPRODUCT(($E$16:$E$35<>"")*(IF(IF(P$16:P$35="",$G$16:$G$35,P$16:P$35)="",0,INT(IF(P$16:P$35="",$G$16:$G$35,P$16:P$35)))>=INT(T$5+60)))=0,"Веха не участвует в расчете выплат за квартал",1/SUMPRODUCT(($E$16:$E$35<>"")*(IF(IF(P$16:P$35="",$G$16:$G$35,P$16:P$35)="",0,INT(IF(P$16:P$35="",$G$16:$G$35,P$16:P$35)))>=INT(T$5+60)))))))),"")} -> 0.16666667 | S18: =IFERROR(IF(AND(T$12<>"",$H18>T$12),0,IF($I18<-100,0,IF(IF(AND($F$1="Да",$F$2=T$5),TRUE(),IF(P18="",$G18,P18)>=T$5+60),IF($H18="","",IF(AND(T$1="МП",_xlfn.ISFORMULA(T18)),"Впиши средний KPI за прошлые кварталы",T$8*R18*IF(AND(OR(T$1="КУПК",T$1="РУПК"),$F$3="Да"),90%+10%*MAX(0,MIN(1,($G$3-40%)*2)),1)*MIN((1+IF(P18="",$I18,P18-$H18)*1%)*IF(T$1="РУПК",1,IF(T$1="МП",(T18-50%)*2,T$10)),IF(T$1="РУПК",1.5,IF(T$1="МП",(T18-50%)*2*1.5,1.5*T$10))))),"Веха не участвует в расчете выплат за квартал"))),"") | T18: =IFERROR(IF(ISTEXT(S18),"",IF(AND(OR(T$1="КУПК",T$1="КУПК (РП/ЗРП)"),S18>0),IF($H18="","",CONCATENATE("Расчёт при NPV = ",TEXT(T$11,"# ##0 ₽"),". Коэф. фин. рез. = ",ROUND(T$10,2))),"")),"")
B19: =CONCATENATE(E19," ",F19) -> Мотивационная веха 4 | C19: 4 | D19: =D18+1 -> 4 | E19: Мотивационная веха 4 | G19: 46112 | I19: =IF(H19="","",G19-H19) | J19: =IF(H19="","",(DATE(YEAR(H19),ROUNDUP(MONTH(H19)/3,0)*3+2,10)-IF(WEEKDAY(DATE(YEAR(H19),ROUNDUP(MONTH(H19)/3,0)*3+2,10),2)>5,WEEKDAY(DATE(YEAR(H19),ROUNDUP(MONTH(H19)/3,0)*3+2,10),2)-5,0))) | M19: {=IFERROR( IF($E19="","",IF(AND($F$1="Да",$F$2=O$5),IF(COUNTIF($E$16:$E$35,"<>")=0,"Веха не участвует в расчете выплат за квартал",1/COUNTIF($E$16:$E$35,"<>")),IF(IF(K19="",$G19,K19)="", "Веха не участвует в расчете выплат за квартал", IF(INT(IF(K19="",$G19,K19))<INT(O$5+60), "Веха не участвует в расчете выплат за квартал", IF(SUMPRODUCT(($E$16:$E$35<>"")*(IF(IF(K$16:K$35="",$G$16:$G$35,K$16:K$35)="",0,INT(IF(K$16:K$35="",$G$16:$G$35,K$16:K$35)))>=INT(O$5+60)))=0,"Веха не участвует в расчете выплат за квартал",1/SUMPRODUCT(($E$16:$E$35<>"")*(IF(IF(K$16:K$35="",$G$16:$G$35,K$16:K$35)="",0,INT(IF(K$16:K$35="",$G$16:$G$35,K$16:K$35)))>=INT(O$5+60)))))))),"")} -> 0.16666667 | N19: =IFERROR(IF(AND(O$12<>"",$H19>O$12),0,IF($I19<-100,0,IF(IF(AND($F$1="Да",$F$2=O$5),TRUE(),IF(K19="",$G19,K19)>=O$5+60),IF($H19="","",IF(AND(O$1="МП",_xlfn.ISFORMULA(O19)),"Впиши средний KPI за прошлые кварталы",O$8*M19*IF(AND(OR(O$1="КУПК",O$1="РУПК"),$F$3="Да"),90%+10%*MAX(0,MIN(1,($G$3-40%)*2)),1)*MIN((1+IF(K19="",$I19,K19-$H19)*1%)*IF(O$1="РУПК",1,IF(O$1="МП",(O19-50%)*2,O$10)),IF(O$1="РУПК",1.5,IF(O$1="МП",(O19-50%)*2*1.5,1.5*O$10))))),"Веха не участвует в расчете выплат за квартал"))),"") | O19: =IFERROR(IF(ISTEXT(N19),"",IF(AND(OR(O$1="КУПК",O$1="КУПК (РП/ЗРП)"),N19>0),IF($H19="","",CONCATENATE("Расчёт при NPV = ",TEXT(O$11,"# ##0 ₽"),". Коэф. фин. рез. = ",ROUND(O$10,2))),"")),"") | R19: {=IFERROR( IF($E19="","",IF(AND($F$1="Да",$F$2=T$5),IF(COUNTIF($E$16:$E$35,"<>")=0,"Веха не участвует в расчете выплат за квартал",1/COUNTIF($E$16:$E$35,"<>")),IF(IF(P19="",$G19,P19)="", "Веха не участвует в расчете выплат за квартал", IF(INT(IF(P19="",$G19,P19))<INT(T$5+60), "Веха не участвует в расчете выплат за квартал", IF(SUMPRODUCT(($E$16:$E$35<>"")*(IF(IF(P$16:P$35="",$G$16:$G$35,P$16:P$35)="",0,INT(IF(P$16:P$35="",$G$16:$G$35,P$16:P$35)))>=INT(T$5+60)))=0,"Веха не участвует в расчете выплат за квартал",1/SUMPRODUCT(($E$16:$E$35<>"")*(IF(IF(P$16:P$35="",$G$16:$G$35,P$16:P$35)="",0,INT(IF(P$16:P$35="",$G$16:$G$35,P$16:P$35)))>=INT(T$5+60)))))))),"")} -> 0.16666667 | S19: =IFERROR(IF(AND(T$12<>"",$H19>T$12),0,IF($I19<-100,0,IF(IF(AND($F$1="Да",$F$2=T$5),TRUE(),IF(P19="",$G19,P19)>=T$5+60),IF($H19="","",IF(AND(T$1="МП",_xlfn.ISFORMULA(T19)),"Впиши средний KPI за прошлые кварталы",T$8*R19*IF(AND(OR(T$1="КУПК",T$1="РУПК"),$F$3="Да"),90%+10%*MAX(0,MIN(1,($G$3-40%)*2)),1)*MIN((1+IF(P19="",$I19,P19-$H19)*1%)*IF(T$1="РУПК",1,IF(T$1="МП",(T19-50%)*2,T$10)),IF(T$1="РУПК",1.5,IF(T$1="МП",(T19-50%)*2*1.5,1.5*T$10))))),"Веха не участвует в расчете выплат за квартал"))),"") | T19: =IFERROR(IF(ISTEXT(S19),"",IF(AND(OR(T$1="КУПК",T$1="КУПК (РП/ЗРП)"),S19>0),IF($H19="","",CONCATENATE("Расчёт при NPV = ",TEXT(T$11,"# ##0 ₽"),". Коэф. фин. рез. = ",ROUND(T$10,2))),"")),"")
B20: =CONCATENATE(E20," ",F20) -> Мотивационная веха 5 | C20: 4 | D20: =D19+1 -> 5 | E20: Мотивационная веха 5 | G20: 46171 | I20: =IF(H20="","",G20-H20) | J20: =IF(H20="","",(DATE(YEAR(H20),ROUNDUP(MONTH(H20)/3,0)*3+2,10)-IF(WEEKDAY(DATE(YEAR(H20),ROUNDUP(MONTH(H20)/3,0)*3+2,10),2)>5,WEEKDAY(DATE(YEAR(H20),ROUNDUP(MONTH(H20)/3,0)*3+2,10),2)-5,0))) | M20: {=IFERROR( IF($E20="","",IF(AND($F$1="Да",$F$2=O$5),IF(COUNTIF($E$16:$E$35,"<>")=0,"Веха не участвует в расчете выплат за квартал",1/COUNTIF($E$16:$E$35,"<>")),IF(IF(K20="",$G20,K20)="", "Веха не участвует в расчете выплат за квартал", IF(INT(IF(K20="",$G20,K20))<INT(O$5+60), "Веха не участвует в расчете выплат за квартал", IF(SUMPRODUCT(($E$16:$E$35<>"")*(IF(IF(K$16:K$35="",$G$16:$G$35,K$16:K$35)="",0,INT(IF(K$16:K$35="",$G$16:$G$35,K$16:K$35)))>=INT(O$5+60)))=0,"Веха не участвует в расчете выплат за квартал",1/SUMPRODUCT(($E$16:$E$35<>"")*(IF(IF(K$16:K$35="",$G$16:$G$35,K$16:K$35)="",0,INT(IF(K$16:K$35="",$G$16:$G$35,K$16:K$35)))>=INT(O$5+60)))))))),"")} -> 0.16666667 | N20: =IFERROR(IF(AND(O$12<>"",$H20>O$12),0,IF($I20<-100,0,IF(IF(AND($F$1="Да",$F$2=O$5),TRUE(),IF(K20="",$G20,K20)>=O$5+60),IF($H20="","",IF(AND(O$1="МП",_xlfn.ISFORMULA(O20)),"Впиши средний KPI за прошлые кварталы",O$8*M20*IF(AND(OR(O$1="КУПК",O$1="РУПК"),$F$3="Да"),90%+10%*MAX(0,MIN(1,($G$3-40%)*2)),1)*MIN((1+IF(K20="",$I20,K20-$H20)*1%)*IF(O$1="РУПК",1,IF(O$1="МП",(O20-50%)*2,O$10)),IF(O$1="РУПК",1.5,IF(O$1="МП",(O20-50%)*2*1.5,1.5*O$10))))),"Веха не участвует в расчете выплат за квартал"))),"") | O20: =IFERROR(IF(ISTEXT(N20),"",IF(AND(OR(O$1="КУПК",O$1="КУПК (РП/ЗРП)"),N20>0),IF($H20="","",CONCATENATE("Расчёт при NPV = ",TEXT(O$11,"# ##0 ₽"),". Коэф. фин. рез. = ",ROUND(O$10,2))),"")),"") | R20: {=IFERROR( IF($E20="","",IF(AND($F$1="Да",$F$2=T$5),IF(COUNTIF($E$16:$E$35,"<>")=0,"Веха не участвует в расчете выплат за квартал",1/COUNTIF($E$16:$E$35,"<>")),IF(IF(P20="",$G20,P20)="", "Веха не участвует в расчете выплат за квартал", IF(INT(IF(P20="",$G20,P20))<INT(T$5+60), "Веха не участвует в расчете выплат за квартал", IF(SUMPRODUCT(($E$16:$E$35<>"")*(IF(IF(P$16:P$35="",$G$16:$G$35,P$16:P$35)="",0,INT(IF(P$16:P$35="",$G$16:$G$35,P$16:P$35)))>=INT(T$5+60)))=0,"Веха не участвует в расчете выплат за квартал",1/SUMPRODUCT(($E$16:$E$35<>"")*(IF(IF(P$16:P$35="",$G$16:$G$35,P$16:P$35)="",0,INT(IF(P$16:P$35="",$G$16:$G$35,P$16:P$35)))>=INT(T$5+60)))))))),"")} -> 0.16666667 | S20: =IFERROR(IF(AND(T$12<>"",$H20>T$12),0,IF($I20<-100,0,IF(IF(AND($F$1="Да",$F$2=T$5),TRUE(),IF(P20="",$G20,P20)>=T$5+60),IF($H20="","",IF(AND(T$1="МП",_xlfn.ISFORMULA(T20)),"Впиши средний KPI за прошлые кварталы",T$8*R20*IF(AND(OR(T$1="КУПК",T$1="РУПК"),$F$3="Да"),90%+10%*MAX(0,MIN(1,($G$3-40%)*2)),1)*MIN((1+IF(P20="",$I20,P20-$H20)*1%)*IF(T$1="РУПК",1,IF(T$1="МП",(T20-50%)*2,T$10)),IF(T$1="РУПК",1.5,IF(T$1="МП",(T20-50%)*2*1.5,1.5*T$10))))),"Веха не участвует в расчете выплат за квартал"))),"") | T20: =IFERROR(IF(ISTEXT(S20),"",IF(AND(OR(T$1="КУПК",T$1="КУПК (РП/ЗРП)"),S20>0),IF($H20="","",CONCATENATE("Расчёт при NPV = ",TEXT(T$11,"# ##0 ₽"),". Коэф. фин. рез. = ",ROUND(T$10,2))),"")),"")
B21: =CONCATENATE(E21," ",F21) -> Мотивационная веха 6 | C21: 4 | D21: =D20+1 -> 6 | E21: Мотивационная веха 6 | G21: 46234 | I21: =IF(H21="","",G21-H21) | J21: =IF(H21="","",(DATE(YEAR(H21),ROUNDUP(MONTH(H21)/3,0)*3+2,10)-IF(WEEKDAY(DATE(YEAR(H21),ROUNDUP(MONTH(H21)/3,0)*3+2,10),2)>5,WEEKDAY(DATE(YEAR(H21),ROUNDUP(MONTH(H21)/3,0)*3+2,10),2)-5,0))) | M21: {=IFERROR( IF($E21="","",IF(AND($F$1="Да",$F$2=O$5),IF(COUNTIF($E$16:$E$35,"<>")=0,"Веха не участвует в расчете выплат за квартал",1/COUNTIF($E$16:$E$35,"<>")),IF(IF(K21="",$G21,K21)="", "Веха не участвует в расчете выплат за квартал", IF(INT(IF(K21="",$G21,K21))<INT(O$5+60), "Веха не участвует в расчете выплат за квартал", IF(SUMPRODUCT(($E$16:$E$35<>"")*(IF(IF(K$16:K$35="",$G$16:$G$35,K$16:K$35)="",0,INT(IF(K$16:K$35="",$G$16:$G$35,K$16:K$35)))>=INT(O$5+60)))=0,"Веха не участвует в расчете выплат за квартал",1/SUMPRODUCT(($E$16:$E$35<>"")*(IF(IF(K$16:K$35="",$G$16:$G$35,K$16:K$35)="",0,INT(IF(K$16:K$35="",$G$16:$G$35,K$16:K$35)))>=INT(O$5+60)))))))),"")} -> 0.16666667 | N21: =IFERROR(IF(AND(O$12<>"",$H21>O$12),0,IF($I21<-100,0,IF(IF(AND($F$1="Да",$F$2=O$5),TRUE(),IF(K21="",$G21,K21)>=O$5+60),IF($H21="","",IF(AND(O$1="МП",_xlfn.ISFORMULA(O21)),"Впиши средний KPI за прошлые кварталы",O$8*M21*IF(AND(OR(O$1="КУПК",O$1="РУПК"),$F$3="Да"),90%+10%*MAX(0,MIN(1,($G$3-40%)*2)),1)*MIN((1+IF(K21="",$I21,K21-$H21)*1%)*IF(O$1="РУПК",1,IF(O$1="МП",(O21-50%)*2,O$10)),IF(O$1="РУПК",1.5,IF(O$1="МП",(O21-50%)*2*1.5,1.5*O$10))))),"Веха не участвует в расчете выплат за квартал"))),"") | O21: =IFERROR(IF(ISTEXT(N21),"",IF(AND(OR(O$1="КУПК",O$1="КУПК (РП/ЗРП)"),N21>0),IF($H21="","",CONCATENATE("Расчёт при NPV = ",TEXT(O$11,"# ##0 ₽"),". Коэф. фин. рез. = ",ROUND(O$10,2))),"")),"") | R21: {=IFERROR( IF($E21="","",IF(AND($F$1="Да",$F$2=T$5),IF(COUNTIF($E$16:$E$35,"<>")=0,"Веха не участвует в расчете выплат за квартал",1/COUNTIF($E$16:$E$35,"<>")),IF(IF(P21="",$G21,P21)="", "Веха не участвует в расчете выплат за квартал", IF(INT(IF(P21="",$G21,P21))<INT(T$5+60), "Веха не участвует в расчете выплат за квартал", IF(SUMPRODUCT(($E$16:$E$35<>"")*(IF(IF(P$16:P$35="",$G$16:$G$35,P$16:P$35)="",0,INT(IF(P$16:P$35="",$G$16:$G$35,P$16:P$35)))>=INT(T$5+60)))=0,"Веха не участвует в расчете выплат за квартал",1/SUMPRODUCT(($E$16:$E$35<>"")*(IF(IF(P$16:P$35="",$G$16:$G$35,P$16:P$35)="",0,INT(IF(P$16:P$35="",$G$16:$G$35,P$16:P$35)))>=INT(T$5+60)))))))),"")} -> 0.16666667 | S21: =IFERROR(IF(AND(T$12<>"",$H21>T$12),0,IF($I21<-100,0,IF(IF(AND($F$1="Да",$F$2=T$5),TRUE(),IF(P21="",$G21,P21)>=T$5+60),IF($H21="","",IF(AND(T$1="МП",_xlfn.ISFORMULA(T21)),"Впиши средний KPI за прошлые кварталы",T$8*R21*IF(AND(OR(T$1="КУПК",T$1="РУПК"),$F$3="Да"),90%+10%*MAX(0,MIN(1,($G$3-40%)*2)),1)*MIN((1+IF(P21="",$I21,P21-$H21)*1%)*IF(T$1="РУПК",1,IF(T$1="МП",(T21-50%)*2,T$10)),IF(T$1="РУПК",1.5,IF(T$1="МП",(T21-50%)*2*1.5,1.5*T$10))))),"Веха не участвует в расчете выплат за квартал"))),"") | T21: =IFERROR(IF(ISTEXT(S21),"",IF(AND(OR(T$1="КУПК",T$1="КУПК (РП/ЗРП)"),S21>0),IF($H21="","",CONCATENATE("Расчёт при NPV = ",TEXT(T$11,"# ##0 ₽"),". Коэф. фин. рез. = ",ROUND(T$10,2))),"")),"")
B22: =CONCATENATE(E22," ",F22) | C22: 4 | D22: =D21+1 -> 7 | I22: =IF(H22="","",G22-H22) | J22: =IF(H22="","",(DATE(YEAR(H22),ROUNDUP(MONTH(H22)/3,0)*3+2,10)-IF(WEEKDAY(DATE(YEAR(H22),ROUNDUP(MONTH(H22)/3,0)*3+2,10),2)>5,WEEKDAY(DATE(YEAR(H22),ROUNDUP(MONTH(H22)/3,0)*3+2,10),2)-5,0))) | M22: {=IFERROR( IF($E22="","",IF(AND($F$1="Да",$F$2=O$5),IF(COUNTIF($E$16:$E$35,"<>")=0,"Веха не участвует в расчете выплат за квартал",1/COUNTIF($E$16:$E$35,"<>")),IF(IF(K22="",$G22,K22)="", "Веха не участвует в расчете выплат за квартал", IF(INT(IF(K22="",$G22,K22))<INT(O$5+60), "Веха не участвует в расчете выплат за квартал", IF(SUMPRODUCT(($E$16:$E$35<>"")*(IF(IF(K$16:K$35="",$G$16:$G$35,K$16:K$35)="",0,INT(IF(K$16:K$35="",$G$16:$G$35,K$16:K$35)))>=INT(O$5+60)))=0,"Веха не участвует в расчете выплат за квартал",1/SUMPRODUCT(($E$16:$E$35<>"")*(IF(IF(K$16:K$35="",$G$16:$G$35,K$16:K$35)="",0,INT(IF(K$16:K$35="",$G$16:$G$35,K$16:K$35)))>=INT(O$5+60)))))))),"")} | N22: =IFERROR(IF(AND(O$12<>"",$H22>O$12),0,IF($I22<-100,0,IF(IF(AND($F$1="Да",$F$2=O$5),TRUE(),IF(K22="",$G22,K22)>=O$5+60),IF($H22="","",IF(AND(O$1="МП",_xlfn.ISFORMULA(O22)),"Впиши средний KPI за прошлые кварталы",O$8*M22*IF(AND(OR(O$1="КУПК",O$1="РУПК"),$F$3="Да"),90%+10%*MAX(0,MIN(1,($G$3-40%)*2)),1)*MIN((1+IF(K22="",$I22,K22-$H22)*1%)*IF(O$1="РУПК",1,IF(O$1="МП",(O22-50%)*2,O$10)),IF(O$1="РУПК",1.5,IF(O$1="МП",(O22-50%)*2*1.5,1.5*O$10))))),"Веха не участвует в расчете выплат за квартал"))),"") -> Веха не участвует в расчете выплат за квартал | O22: =IFERROR(IF(ISTEXT(N22),"",IF(AND(OR(O$1="КУПК",O$1="КУПК (РП/ЗРП)"),N22>0),IF($H22="","",CONCATENATE("Расчёт при NPV = ",TEXT(O$11,"# ##0 ₽"),". Коэф. фин. рез. = ",ROUND(O$10,2))),"")),"") | R22: {=IFERROR( IF($E22="","",IF(AND($F$1="Да",$F$2=T$5),IF(COUNTIF($E$16:$E$35,"<>")=0,"Веха не участвует в расчете выплат за квартал",1/COUNTIF($E$16:$E$35,"<>")),IF(IF(P22="",$G22,P22)="", "Веха не участвует в расчете выплат за квартал", IF(INT(IF(P22="",$G22,P22))<INT(T$5+60), "Веха не участвует в расчете выплат за квартал", IF(SUMPRODUCT(($E$16:$E$35<>"")*(IF(IF(P$16:P$35="",$G$16:$G$35,P$16:P$35)="",0,INT(IF(P$16:P$35="",$G$16:$G$35,P$16:P$35)))>=INT(T$5+60)))=0,"Веха не участвует в расчете выплат за квартал",1/SUMPRODUCT(($E$16:$E$35<>"")*(IF(IF(P$16:P$35="",$G$16:$G$35,P$16:P$35)="",0,INT(IF(P$16:P$35="",$G$16:$G$35,P$16:P$35)))>=INT(T$5+60)))))))),"")} | S22: =IFERROR(IF(AND(T$12<>"",$H22>T$12),0,IF($I22<-100,0,IF(IF(AND($F$1="Да",$F$2=T$5),TRUE(),IF(P22="",$G22,P22)>=T$5+60),IF($H22="","",IF(AND(T$1="МП",_xlfn.ISFORMULA(T22)),"Впиши средний KPI за прошлые кварталы",T$8*R22*IF(AND(OR(T$1="КУПК",T$1="РУПК"),$F$3="Да"),90%+10%*MAX(0,MIN(1,($G$3-40%)*2)),1)*MIN((1+IF(P22="",$I22,P22-$H22)*1%)*IF(T$1="РУПК",1,IF(T$1="МП",(T22-50%)*2,T$10)),IF(T$1="РУПК",1.5,IF(T$1="МП",(T22-50%)*2*1.5,1.5*T$10))))),"Веха не участвует в расчете выплат за квартал"))),"") -> Веха не участвует в расчете выплат за квартал | T22: =IFERROR(IF(ISTEXT(S22),"",IF(AND(OR(T$1="КУПК",T$1="КУПК (РП/ЗРП)"),S22>0),IF($H22="","",CONCATENATE("Расчёт при NPV = ",TEXT(T$11,"# ##0 ₽"),". Коэф. фин. рез. = ",ROUND(T$10,2))),"")),"")
B23: =CONCATENATE(E23," ",F23) | C23: 4 | D23: =D22+1 -> 8 | I23: =IF(H23="","",G23-H23) | J23: =IF(H23="","",(DATE(YEAR(H23),ROUNDUP(MONTH(H23)/3,0)*3+2,10)-IF(WEEKDAY(DATE(YEAR(H23),ROUNDUP(MONTH(H23)/3,0)*3+2,10),2)>5,WEEKDAY(DATE(YEAR(H23),ROUNDUP(MONTH(H23)/3,0)*3+2,10),2)-5,0))) | M23: {=IFERROR( IF($E23="","",IF(AND($F$1="Да",$F$2=O$5),IF(COUNTIF($E$16:$E$35,"<>")=0,"Веха не участвует в расчете выплат за квартал",1/COUNTIF($E$16:$E$35,"<>")),IF(IF(K23="",$G23,K23)="", "Веха не участвует в расчете выплат за квартал", IF(INT(IF(K23="",$G23,K23))<INT(O$5+60), "Веха не участвует в расчете выплат за квартал", IF(SUMPRODUCT(($E$16:$E$35<>"")*(IF(IF(K$16:K$35="",$G$16:$G$35,K$16:K$35)="",0,INT(IF(K$16:K$35="",$G$16:$G$35,K$16:K$35)))>=INT(O$5+60)))=0,"Веха не участвует в расчете выплат за квартал",1/SUMPRODUCT(($E$16:$E$35<>"")*(IF(IF(K$16:K$35="",$G$16:$G$35,K$16:K$35)="",0,INT(IF(K$16:K$35="",$G$16:$G$35,K$16:K$35)))>=INT(O$5+60)))))))),"")} | N23: =IFERROR(IF(AND(O$12<>"",$H23>O$12),0,IF($I23<-100,0,IF(IF(AND($F$1="Да",$F$2=O$5),TRUE(),IF(K23="",$G23,K23)>=O$5+60),IF($H23="","",IF(AND(O$1="МП",_xlfn.ISFORMULA(O23)),"Впиши средний KPI за прошлые кварталы",O$8*M23*IF(AND(OR(O$1="КУПК",O$1="РУПК"),$F$3="Да"),90%+10%*MAX(0,MIN(1,($G$3-40%)*2)),1)*MIN((1+IF(K23="",$I23,K23-$H23)*1%)*IF(O$1="РУПК",1,IF(O$1="МП",(O23-50%)*2,O$10)),IF(O$1="РУПК",1.5,IF(O$1="МП",(O23-50%)*2*1.5,1.5*O$10))))),"Веха не участвует в расчете выплат за квартал"))),"") -> Веха не участвует в расчете выплат за квартал | O23: =IFERROR(IF(ISTEXT(N23),"",IF(AND(OR(O$1="КУПК",O$1="КУПК (РП/ЗРП)"),N23>0),IF($H23="","",CONCATENATE("Расчёт при NPV = ",TEXT(O$11,"# ##0 ₽"),". Коэф. фин. рез. = ",ROUND(O$10,2))),"")),"") | R23: {=IFERROR( IF($E23="","",IF(AND($F$1="Да",$F$2=T$5),IF(COUNTIF($E$16:$E$35,"<>")=0,"Веха не участвует в расчете выплат за квартал",1/COUNTIF($E$16:$E$35,"<>")),IF(IF(P23="",$G23,P23)="", "Веха не участвует в расчете выплат за квартал", IF(INT(IF(P23="",$G23,P23))<INT(T$5+60), "Веха не участвует в расчете выплат за квартал", IF(SUMPRODUCT(($E$16:$E$35<>"")*(IF(IF(P$16:P$35="",$G$16:$G$35,P$16:P$35)="",0,INT(IF(P$16:P$35="",$G$16:$G$35,P$16:P$35)))>=INT(T$5+60)))=0,"Веха не участвует в расчете выплат за квартал",1/SUMPRODUCT(($E$16:$E$35<>"")*(IF(IF(P$16:P$35="",$G$16:$G$35,P$16:P$35)="",0,INT(IF(P$16:P$35="",$G$16:$G$35,P$16:P$35)))>=INT(T$5+60)))))))),"")} | S23: =IFERROR(IF(AND(T$12<>"",$H23>T$12),0,IF($I23<-100,0,IF(IF(AND($F$1="Да",$F$2=T$5),TRUE(),IF(P23="",$G23,P23)>=T$5+60),IF($H23="","",IF(AND(T$1="МП",_xlfn.ISFORMULA(T23)),"Впиши средний KPI за прошлые кварталы",T$8*R23*IF(AND(OR(T$1="КУПК",T$1="РУПК"),$F$3="Да"),90%+10%*MAX(0,MIN(1,($G$3-40%)*2)),1)*MIN((1+IF(P23="",$I23,P23-$H23)*1%)*IF(T$1="РУПК",1,IF(T$1="МП",(T23-50%)*2,T$10)),IF(T$1="РУПК",1.5,IF(T$1="МП",(T23-50%)*2*1.5,1.5*T$10))))),"Веха не участвует в расчете выплат за квартал"))),"") -> Веха не участвует в расчете выплат за квартал | T23: =IFERROR(IF(ISTEXT(S23),"",IF(AND(OR(T$1="КУПК",T$1="КУПК (РП/ЗРП)"),S23>0),IF($H23="","",CONCATENATE("Расчёт при NPV = ",TEXT(T$11,"# ##0 ₽"),". Коэф. фин. рез. = ",ROUND(T$10,2))),"")),"")
B24: =CONCATENATE(E24," ",F24) | C24: 4 | D24: =D23+1 -> 9 | I24: =IF(H24="","",G24-H24) | J24: =IF(H24="","",(DATE(YEAR(H24),ROUNDUP(MONTH(H24)/3,0)*3+2,10)-IF(WEEKDAY(DATE(YEAR(H24),ROUNDUP(MONTH(H24)/3,0)*3+2,10),2)>5,WEEKDAY(DATE(YEAR(H24),ROUNDUP(MONTH(H24)/3,0)*3+2,10),2)-5,0))) | M24: {=IFERROR( IF($E24="","",IF(AND($F$1="Да",$F$2=O$5),IF(COUNTIF($E$16:$E$35,"<>")=0,"Веха не участвует в расчете выплат за квартал",1/COUNTIF($E$16:$E$35,"<>")),IF(IF(K24="",$G24,K24)="", "Веха не участвует в расчете выплат за квартал", IF(INT(IF(K24="",$G24,K24))<INT(O$5+60), "Веха не участвует в расчете выплат за квартал", IF(SUMPRODUCT(($E$16:$E$35<>"")*(IF(IF(K$16:K$35="",$G$16:$G$35,K$16:K$35)="",0,INT(IF(K$16:K$35="",$G$16:$G$35,K$16:K$35)))>=INT(O$5+60)))=0,"Веха не участвует в расчете выплат за квартал",1/SUMPRODUCT(($E$16:$E$35<>"")*(IF(IF(K$16:K$35="",$G$16:$G$35,K$16:K$35)="",0,INT(IF(K$16:K$35="",$G$16:$G$35,K$16:K$35)))>=INT(O$5+60)))))))),"")} | N24: =IFERROR(IF(AND(O$12<>"",$H24>O$12),0,IF($I24<-100,0,IF(IF(AND($F$1="Да",$F$2=O$5),TRUE(),IF(K24="",$G24,K24)>=O$5+60),IF($H24="","",IF(AND(O$1="МП",_xlfn.ISFORMULA(O24)),"Впиши средний KPI за прошлые кварталы",O$8*M24*IF(AND(OR(O$1="КУПК",O$1="РУПК"),$F$3="Да"),90%+10%*MAX(0,MIN(1,($G$3-40%)*2)),1)*MIN((1+IF(K24="",$I24,K24-$H24)*1%)*IF(O$1="РУПК",1,IF(O$1="МП",(O24-50%)*2,O$10)),IF(O$1="РУПК",1.5,IF(O$1="МП",(O24-50%)*2*1.5,1.5*O$10))))),"Веха не участвует в расчете выплат за квартал"))),"") -> Веха не участвует в расчете выплат за квартал | O24: =IFERROR(IF(ISTEXT(N24),"",IF(AND(OR(O$1="КУПК",O$1="КУПК (РП/ЗРП)"),N24>0),IF($H24="","",CONCATENATE("Расчёт при NPV = ",TEXT(O$11,"# ##0 ₽"),". Коэф. фин. рез. = ",ROUND(O$10,2))),"")),"") | R24: {=IFERROR( IF($E24="","",IF(AND($F$1="Да",$F$2=T$5),IF(COUNTIF($E$16:$E$35,"<>")=0,"Веха не участвует в расчете выплат за квартал",1/COUNTIF($E$16:$E$35,"<>")),IF(IF(P24="",$G24,P24)="", "Веха не участвует в расчете выплат за квартал", IF(INT(IF(P24="",$G24,P24))<INT(T$5+60), "Веха не участвует в расчете выплат за квартал", IF(SUMPRODUCT(($E$16:$E$35<>"")*(IF(IF(P$16:P$35="",$G$16:$G$35,P$16:P$35)="",0,INT(IF(P$16:P$35="",$G$16:$G$35,P$16:P$35)))>=INT(T$5+60)))=0,"Веха не участвует в расчете выплат за квартал",1/SUMPRODUCT(($E$16:$E$35<>"")*(IF(IF(P$16:P$35="",$G$16:$G$35,P$16:P$35)="",0,INT(IF(P$16:P$35="",$G$16:$G$35,P$16:P$35)))>=INT(T$5+60)))))))),"")} | S24: =IFERROR(IF(AND(T$12<>"",$H24>T$12),0,IF($I24<-100,0,IF(IF(AND($F$1="Да",$F$2=T$5),TRUE(),IF(P24="",$G24,P24)>=T$5+60),IF($H24="","",IF(AND(T$1="МП",_xlfn.ISFORMULA(T24)),"Впиши средний KPI за прошлые кварталы",T$8*R24*IF(AND(OR(T$1="КУПК",T$1="РУПК"),$F$3="Да"),90%+10%*MAX(0,MIN(1,($G$3-40%)*2)),1)*MIN((1+IF(P24="",$I24,P24-$H24)*1%)*IF(T$1="РУПК",1,IF(T$1="МП",(T24-50%)*2,T$10)),IF(T$1="РУПК",1.5,IF(T$1="МП",(T24-50%)*2*1.5,1.5*T$10))))),"Веха не участвует в расчете выплат за квартал"))),"") -> Веха не участвует в расчете выплат за квартал | T24: =IFERROR(IF(ISTEXT(S24),"",IF(AND(OR(T$1="КУПК",T$1="КУПК (РП/ЗРП)"),S24>0),IF($H24="","",CONCATENATE("Расчёт при NPV = ",TEXT(T$11,"# ##0 ₽"),". Коэф. фин. рез. = ",ROUND(T$10,2))),"")),"")
B25: =CONCATENATE(E25," ",F25) | C25: 4 | D25: =D24+1 -> 10 | I25: =IF(H25="","",G25-H25) | J25: =IF(H25="","",(DATE(YEAR(H25),ROUNDUP(MONTH(H25)/3,0)*3+2,10)-IF(WEEKDAY(DATE(YEAR(H25),ROUNDUP(MONTH(H25)/3,0)*3+2,10),2)>5,WEEKDAY(DATE(YEAR(H25),ROUNDUP(MONTH(H25)/3,0)*3+2,10),2)-5,0))) | M25: {=IFERROR( IF($E25="","",IF(AND($F$1="Да",$F$2=O$5),IF(COUNTIF($E$16:$E$35,"<>")=0,"Веха не участвует в расчете выплат за квартал",1/COUNTIF($E$16:$E$35,"<>")),IF(IF(K25="",$G25,K25)="", "Веха не участвует в расчете выплат за квартал", IF(INT(IF(K25="",$G25,K25))<INT(O$5+60), "Веха не участвует в расчете выплат за квартал", IF(SUMPRODUCT(($E$16:$E$35<>"")*(IF(IF(K$16:K$35="",$G$16:$G$35,K$16:K$35)="",0,INT(IF(K$16:K$35="",$G$16:$G$35,K$16:K$35)))>=INT(O$5+60)))=0,"Веха не участвует в расчете выплат за квартал",1/SUMPRODUCT(($E$16:$E$35<>"")*(IF(IF(K$16:K$35="",$G$16:$G$35,K$16:K$35)="",0,INT(IF(K$16:K$35="",$G$16:$G$35,K$16:K$35)))>=INT(O$5+60)))))))),"")} | N25: =IFERROR(IF(AND(O$12<>"",$H25>O$12),0,IF($I25<-100,0,IF(IF(AND($F$1="Да",$F$2=O$5),TRUE(),IF(K25="",$G25,K25)>=O$5+60),IF($H25="","",IF(AND(O$1="МП",_xlfn.ISFORMULA(O25)),"Впиши средний KPI за прошлые кварталы",O$8*M25*IF(AND(OR(O$1="КУПК",O$1="РУПК"),$F$3="Да"),90%+10%*MAX(0,MIN(1,($G$3-40%)*2)),1)*MIN((1+IF(K25="",$I25,K25-$H25)*1%)*IF(O$1="РУПК",1,IF(O$1="МП",(O25-50%)*2,O$10)),IF(O$1="РУПК",1.5,IF(O$1="МП",(O25-50%)*2*1.5,1.5*O$10))))),"Веха не участвует в расчете выплат за квартал"))),"") -> Веха не участвует в расчете выплат за квартал | O25: =IFERROR(IF(ISTEXT(N25),"",IF(AND(OR(O$1="КУПК",O$1="КУПК (РП/ЗРП)"),N25>0),IF($H25="","",CONCATENATE("Расчёт при NPV = ",TEXT(O$11,"# ##0 ₽"),". Коэф. фин. рез. = ",ROUND(O$10,2))),"")),"") | R25: {=IFERROR( IF($E25="","",IF(AND($F$1="Да",$F$2=T$5),IF(COUNTIF($E$16:$E$35,"<>")=0,"Веха не участвует в расчете выплат за квартал",1/COUNTIF($E$16:$E$35,"<>")),IF(IF(P25="",$G25,P25)="", "Веха не участвует в расчете выплат за квартал", IF(INT(IF(P25="",$G25,P25))<INT(T$5+60), "Веха не участвует в расчете выплат за квартал", IF(SUMPRODUCT(($E$16:$E$35<>"")*(IF(IF(P$16:P$35="",$G$16:$G$35,P$16:P$35)="",0,INT(IF(P$16:P$35="",$G$16:$G$35,P$16:P$35)))>=INT(T$5+60)))=0,"Веха не участвует в расчете выплат за квартал",1/SUMPRODUCT(($E$16:$E$35<>"")*(IF(IF(P$16:P$35="",$G$16:$G$35,P$16:P$35)="",0,INT(IF(P$16:P$35="",$G$16:$G$35,P$16:P$35)))>=INT(T$5+60)))))))),"")} | S25: =IFERROR(IF(AND(T$12<>"",$H25>T$12),0,IF($I25<-100,0,IF(IF(AND($F$1="Да",$F$2=T$5),TRUE(),IF(P25="",$G25,P25)>=T$5+60),IF($H25="","",IF(AND(T$1="МП",_xlfn.ISFORMULA(T25)),"Впиши средний KPI за прошлые кварталы",T$8*R25*IF(AND(OR(T$1="КУПК",T$1="РУПК"),$F$3="Да"),90%+10%*MAX(0,MIN(1,($G$3-40%)*2)),1)*MIN((1+IF(P25="",$I25,P25-$H25)*1%)*IF(T$1="РУПК",1,IF(T$1="МП",(T25-50%)*2,T$10)),IF(T$1="РУПК",1.5,IF(T$1="МП",(T25-50%)*2*1.5,1.5*T$10))))),"Веха не участвует в расчете выплат за квартал"))),"") -> Веха не участвует в расчете выплат за квартал | T25: =IFERROR(IF(ISTEXT(S25),"",IF(AND(OR(T$1="КУПК",T$1="КУПК (РП/ЗРП)"),S25>0),IF($H25="","",CONCATENATE("Расчёт при NPV = ",TEXT(T$11,"# ##0 ₽"),". Коэф. фин. рез. = ",ROUND(T$10,2))),"")),"")
B26: =CONCATENATE(E26," ",F26) | C26: 4 | D26: =D25+1 -> 11 | I26: =IF(H26="","",G26-H26) | J26: =IF(H26="","",(DATE(YEAR(H26),ROUNDUP(MONTH(H26)/3,0)*3+2,10)-IF(WEEKDAY(DATE(YEAR(H26),ROUNDUP(MONTH(H26)/3,0)*3+2,10),2)>5,WEEKDAY(DATE(YEAR(H26),ROUNDUP(MONTH(H26)/3,0)*3+2,10),2)-5,0))) | M26: {=IFERROR( IF($E26="","",IF(AND($F$1="Да",$F$2=O$5),IF(COUNTIF($E$16:$E$35,"<>")=0,"Веха не участвует в расчете выплат за квартал",1/COUNTIF($E$16:$E$35,"<>")),IF(IF(K26="",$G26,K26)="", "Веха не участвует в расчете выплат за квартал", IF(INT(IF(K26="",$G26,K26))<INT(O$5+60), "Веха не участвует в расчете выплат за квартал", IF(SUMPRODUCT(($E$16:$E$35<>"")*(IF(IF(K$16:K$35="",$G$16:$G$35,K$16:K$35)="",0,INT(IF(K$16:K$35="",$G$16:$G$35,K$16:K$35)))>=INT(O$5+60)))=0,"Веха не участвует в расчете выплат за квартал",1/SUMPRODUCT(($E$16:$E$35<>"")*(IF(IF(K$16:K$35="",$G$16:$G$35,K$16:K$35)="",0,INT(IF(K$16:K$35="",$G$16:$G$35,K$16:K$35)))>=INT(O$5+60)))))))),"")} | N26: =IFERROR(IF(AND(O$12<>"",$H26>O$12),0,IF($I26<-100,0,IF(IF(AND($F$1="Да",$F$2=O$5),TRUE(),IF(K26="",$G26,K26)>=O$5+60),IF($H26="","",IF(AND(O$1="МП",_xlfn.ISFORMULA(O26)),"Впиши средний KPI за прошлые кварталы",O$8*M26*IF(AND(OR(O$1="КУПК",O$1="РУПК"),$F$3="Да"),90%+10%*MAX(0,MIN(1,($G$3-40%)*2)),1)*MIN((1+IF(K26="",$I26,K26-$H26)*1%)*IF(O$1="РУПК",1,IF(O$1="МП",(O26-50%)*2,O$10)),IF(O$1="РУПК",1.5,IF(O$1="МП",(O26-50%)*2*1.5,1.5*O$10))))),"Веха не участвует в расчете выплат за квартал"))),"") -> Веха не участвует в расчете выплат за квартал | O26: =IFERROR(IF(ISTEXT(N26),"",IF(AND(OR(O$1="КУПК",O$1="КУПК (РП/ЗРП)"),N26>0),IF($H26="","",CONCATENATE("Расчёт при NPV = ",TEXT(O$11,"# ##0 ₽"),". Коэф. фин. рез. = ",ROUND(O$10,2))),"")),"") | R26: {=IFERROR( IF($E26="","",IF(AND($F$1="Да",$F$2=T$5),IF(COUNTIF($E$16:$E$35,"<>")=0,"Веха не участвует в расчете выплат за квартал",1/COUNTIF($E$16:$E$35,"<>")),IF(IF(P26="",$G26,P26)="", "Веха не участвует в расчете выплат за квартал", IF(INT(IF(P26="",$G26,P26))<INT(T$5+60), "Веха не участвует в расчете выплат за квартал", IF(SUMPRODUCT(($E$16:$E$35<>"")*(IF(IF(P$16:P$35="",$G$16:$G$35,P$16:P$35)="",0,INT(IF(P$16:P$35="",$G$16:$G$35,P$16:P$35)))>=INT(T$5+60)))=0,"Веха не участвует в расчете выплат за квартал",1/SUMPRODUCT(($E$16:$E$35<>"")*(IF(IF(P$16:P$35="",$G$16:$G$35,P$16:P$35)="",0,INT(IF(P$16:P$35="",$G$16:$G$35,P$16:P$35)))>=INT(T$5+60)))))))),"")} | S26: =IFERROR(IF(AND(T$12<>"",$H26>T$12),0,IF($I26<-100,0,IF(IF(AND($F$1="Да",$F$2=T$5),TRUE(),IF(P26="",$G26,P26)>=T$5+60),IF($H26="","",IF(AND(T$1="МП",_xlfn.ISFORMULA(T26)),"Впиши средний KPI за прошлые кварталы",T$8*R26*IF(AND(OR(T$1="КУПК",T$1="РУПК"),$F$3="Да"),90%+10%*MAX(0,MIN(1,($G$3-40%)*2)),1)*MIN((1+IF(P26="",$I26,P26-$H26)*1%)*IF(T$1="РУПК",1,IF(T$1="МП",(T26-50%)*2,T$10)),IF(T$1="РУПК",1.5,IF(T$1="МП",(T26-50%)*2*1.5,1.5*T$10))))),"Веха не участвует в расчете выплат за квартал"))),"") -> Веха не участвует в расчете выплат за квартал | T26: =IFERROR(IF(ISTEXT(S26),"",IF(AND(OR(T$1="КУПК",T$1="КУПК (РП/ЗРП)"),S26>0),IF($H26="","",CONCATENATE("Расчёт при NPV = ",TEXT(T$11,"# ##0 ₽"),". Коэф. фин. рез. = ",ROUND(T$10,2))),"")),"")
B27: =CONCATENATE(E27," ",F27) | C27: 4 | D27: =D26+1 -> 12 | I27: =IF(H27="","",G27-H27) | J27: =IF(H27="","",(DATE(YEAR(H27),ROUNDUP(MONTH(H27)/3,0)*3+2,10)-IF(WEEKDAY(DATE(YEAR(H27),ROUNDUP(MONTH(H27)/3,0)*3+2,10),2)>5,WEEKDAY(DATE(YEAR(H27),ROUNDUP(MONTH(H27)/3,0)*3+2,10),2)-5,0))) | M27: {=IFERROR( IF($E27="","",IF(AND($F$1="Да",$F$2=O$5),IF(COUNTIF($E$16:$E$35,"<>")=0,"Веха не участвует в расчете выплат за квартал",1/COUNTIF($E$16:$E$35,"<>")),IF(IF(K27="",$G27,K27)="", "Веха не участвует в расчете выплат за квартал", IF(INT(IF(K27="",$G27,K27))<INT(O$5+60), "Веха не участвует в расчете выплат за квартал", IF(SUMPRODUCT(($E$16:$E$35<>"")*(IF(IF(K$16:K$35="",$G$16:$G$35,K$16:K$35)="",0,INT(IF(K$16:K$35="",$G$16:$G$35,K$16:K$35)))>=INT(O$5+60)))=0,"Веха не участвует в расчете выплат за квартал",1/SUMPRODUCT(($E$16:$E$35<>"")*(IF(IF(K$16:K$35="",$G$16:$G$35,K$16:K$35)="",0,INT(IF(K$16:K$35="",$G$16:$G$35,K$16:K$35)))>=INT(O$5+60)))))))),"")} | N27: =IFERROR(IF(AND(O$12<>"",$H27>O$12),0,IF($I27<-100,0,IF(IF(AND($F$1="Да",$F$2=O$5),TRUE(),IF(K27="",$G27,K27)>=O$5+60),IF($H27="","",IF(AND(O$1="МП",_xlfn.ISFORMULA(O27)),"Впиши средний KPI за прошлые кварталы",O$8*M27*IF(AND(OR(O$1="КУПК",O$1="РУПК"),$F$3="Да"),90%+10%*MAX(0,MIN(1,($G$3-40%)*2)),1)*MIN((1+IF(K27="",$I27,K27-$H27)*1%)*IF(O$1="РУПК",1,IF(O$1="МП",(O27-50%)*2,O$10)),IF(O$1="РУПК",1.5,IF(O$1="МП",(O27-50%)*2*1.5,1.5*O$10))))),"Веха не участвует в расчете выплат за квартал"))),"") -> Веха не участвует в расчете выплат за квартал | O27: =IFERROR(IF(ISTEXT(N27),"",IF(AND(OR(O$1="КУПК",O$1="КУПК (РП/ЗРП)"),N27>0),IF($H27="","",CONCATENATE("Расчёт при NPV = ",TEXT(O$11,"# ##0 ₽"),". Коэф. фин. рез. = ",ROUND(O$10,2))),"")),"") | R27: {=IFERROR( IF($E27="","",IF(AND($F$1="Да",$F$2=T$5),IF(COUNTIF($E$16:$E$35,"<>")=0,"Веха не участвует в расчете выплат за квартал",1/COUNTIF($E$16:$E$35,"<>")),IF(IF(P27="",$G27,P27)="", "Веха не участвует в расчете выплат за квартал", IF(INT(IF(P27="",$G27,P27))<INT(T$5+60), "Веха не участвует в расчете выплат за квартал", IF(SUMPRODUCT(($E$16:$E$35<>"")*(IF(IF(P$16:P$35="",$G$16:$G$35,P$16:P$35)="",0,INT(IF(P$16:P$35="",$G$16:$G$35,P$16:P$35)))>=INT(T$5+60)))=0,"Веха не участвует в расчете выплат за квартал",1/SUMPRODUCT(($E$16:$E$35<>"")*(IF(IF(P$16:P$35="",$G$16:$G$35,P$16:P$35)="",0,INT(IF(P$16:P$35="",$G$16:$G$35,P$16:P$35)))>=INT(T$5+60)))))))),"")} | S27: =IFERROR(IF(AND(T$12<>"",$H27>T$12),0,IF($I27<-100,0,IF(IF(AND($F$1="Да",$F$2=T$5),TRUE(),IF(P27="",$G27,P27)>=T$5+60),IF($H27="","",IF(AND(T$1="МП",_xlfn.ISFORMULA(T27)),"Впиши средний KPI за прошлые кварталы",T$8*R27*IF(AND(OR(T$1="КУПК",T$1="РУПК"),$F$3="Да"),90%+10%*MAX(0,MIN(1,($G$3-40%)*2)),1)*MIN((1+IF(P27="",$I27,P27-$H27)*1%)*IF(T$1="РУПК",1,IF(T$1="МП",(T27-50%)*2,T$10)),IF(T$1="РУПК",1.5,IF(T$1="МП",(T27-50%)*2*1.5,1.5*T$10))))),"Веха не участвует в расчете выплат за квартал"))),"") -> Веха не участвует в расчете выплат за квартал | T27: =IFERROR(IF(ISTEXT(S27),"",IF(AND(OR(T$1="КУПК",T$1="КУПК (РП/ЗРП)"),S27>0),IF($H27="","",CONCATENATE("Расчёт при NPV = ",TEXT(T$11,"# ##0 ₽"),". Коэф. фин. рез. = ",ROUND(T$10,2))),"")),"")
B28: =CONCATENATE(E28," ",F28) | C28: 4 | D28: =D27+1 -> 13 | I28: =IF(H28="","",G28-H28) | J28: =IF(H28="","",(DATE(YEAR(H28),ROUNDUP(MONTH(H28)/3,0)*3+2,10)-IF(WEEKDAY(DATE(YEAR(H28),ROUNDUP(MONTH(H28)/3,0)*3+2,10),2)>5,WEEKDAY(DATE(YEAR(H28),ROUNDUP(MONTH(H28)/3,0)*3+2,10),2)-5,0))) | M28: {=IFERROR( IF($E28="","",IF(AND($F$1="Да",$F$2=O$5),IF(COUNTIF($E$16:$E$35,"<>")=0,"Веха не участвует в расчете выплат за квартал",1/COUNTIF($E$16:$E$35,"<>")),IF(IF(K28="",$G28,K28)="", "Веха не участвует в расчете выплат за квартал", IF(INT(IF(K28="",$G28,K28))<INT(O$5+60), "Веха не участвует в расчете выплат за квартал", IF(SUMPRODUCT(($E$16:$E$35<>"")*(IF(IF(K$16:K$35="",$G$16:$G$35,K$16:K$35)="",0,INT(IF(K$16:K$35="",$G$16:$G$35,K$16:K$35)))>=INT(O$5+60)))=0,"Веха не участвует в расчете выплат за квартал",1/SUMPRODUCT(($E$16:$E$35<>"")*(IF(IF(K$16:K$35="",$G$16:$G$35,K$16:K$35)="",0,INT(IF(K$16:K$35="",$G$16:$G$35,K$16:K$35)))>=INT(O$5+60)))))))),"")} | N28: =IFERROR(IF(AND(O$12<>"",$H28>O$12),0,IF($I28<-100,0,IF(IF(AND($F$1="Да",$F$2=O$5),TRUE(),IF(K28="",$G28,K28)>=O$5+60),IF($H28="","",IF(AND(O$1="МП",_xlfn.ISFORMULA(O28)),"Впиши средний KPI за прошлые кварталы",O$8*M28*IF(AND(OR(O$1="КУПК",O$1="РУПК"),$F$3="Да"),90%+10%*MAX(0,MIN(1,($G$3-40%)*2)),1)*MIN((1+IF(K28="",$I28,K28-$H28)*1%)*IF(O$1="РУПК",1,IF(O$1="МП",(O28-50%)*2,O$10)),IF(O$1="РУПК",1.5,IF(O$1="МП",(O28-50%)*2*1.5,1.5*O$10))))),"Веха не участвует в расчете выплат за квартал"))),"") -> Веха не участвует в расчете выплат за квартал | O28: =IFERROR(IF(ISTEXT(N28),"",IF(AND(OR(O$1="КУПК",O$1="КУПК (РП/ЗРП)"),N28>0),IF($H28="","",CONCATENATE("Расчёт при NPV = ",TEXT(O$11,"# ##0 ₽"),". Коэф. фин. рез. = ",ROUND(O$10,2))),"")),"") | R28: {=IFERROR( IF($E28="","",IF(AND($F$1="Да",$F$2=T$5),IF(COUNTIF($E$16:$E$35,"<>")=0,"Веха не участвует в расчете выплат за квартал",1/COUNTIF($E$16:$E$35,"<>")),IF(IF(P28="",$G28,P28)="", "Веха не участвует в расчете выплат за квартал", IF(INT(IF(P28="",$G28,P28))<INT(T$5+60), "Веха не участвует в расчете выплат за квартал", IF(SUMPRODUCT(($E$16:$E$35<>"")*(IF(IF(P$16:P$35="",$G$16:$G$35,P$16:P$35)="",0,INT(IF(P$16:P$35="",$G$16:$G$35,P$16:P$35)))>=INT(T$5+60)))=0,"Веха не участвует в расчете выплат за квартал",1/SUMPRODUCT(($E$16:$E$35<>"")*(IF(IF(P$16:P$35="",$G$16:$G$35,P$16:P$35)="",0,INT(IF(P$16:P$35="",$G$16:$G$35,P$16:P$35)))>=INT(T$5+60)))))))),"")} | S28: =IFERROR(IF(AND(T$12<>"",$H28>T$12),0,IF($I28<-100,0,IF(IF(AND($F$1="Да",$F$2=T$5),TRUE(),IF(P28="",$G28,P28)>=T$5+60),IF($H28="","",IF(AND(T$1="МП",_xlfn.ISFORMULA(T28)),"Впиши средний KPI за прошлые кварталы",T$8*R28*IF(AND(OR(T$1="КУПК",T$1="РУПК"),$F$3="Да"),90%+10%*MAX(0,MIN(1,($G$3-40%)*2)),1)*MIN((1+IF(P28="",$I28,P28-$H28)*1%)*IF(T$1="РУПК",1,IF(T$1="МП",(T28-50%)*2,T$10)),IF(T$1="РУПК",1.5,IF(T$1="МП",(T28-50%)*2*1.5,1.5*T$10))))),"Веха не участвует в расчете выплат за квартал"))),"") -> Веха не участвует в расчете выплат за квартал | T28: =IFERROR(IF(ISTEXT(S28),"",IF(AND(OR(T$1="КУПК",T$1="КУПК (РП/ЗРП)"),S28>0),IF($H28="","",CONCATENATE("Расчёт при NPV = ",TEXT(T$11,"# ##0 ₽"),". Коэф. фин. рез. = ",ROUND(T$10,2))),"")),"")
B29: =CONCATENATE(E29," ",F29) | C29: 4 | D29: =D28+1 -> 14 | I29: =IF(H29="","",G29-H29) | J29: =IF(H29="","",(DATE(YEAR(H29),ROUNDUP(MONTH(H29)/3,0)*3+2,10)-IF(WEEKDAY(DATE(YEAR(H29),ROUNDUP(MONTH(H29)/3,0)*3+2,10),2)>5,WEEKDAY(DATE(YEAR(H29),ROUNDUP(MONTH(H29)/3,0)*3+2,10),2)-5,0))) | M29: {=IFERROR( IF($E29="","",IF(AND($F$1="Да",$F$2=O$5),IF(COUNTIF($E$16:$E$35,"<>")=0,"Веха не участвует в расчете выплат за квартал",1/COUNTIF($E$16:$E$35,"<>")),IF(IF(K29="",$G29,K29)="", "Веха не участвует в расчете выплат за квартал", IF(INT(IF(K29="",$G29,K29))<INT(O$5+60), "Веха не участвует в расчете выплат за квартал", IF(SUMPRODUCT(($E$16:$E$35<>"")*(IF(IF(K$16:K$35="",$G$16:$G$35,K$16:K$35)="",0,INT(IF(K$16:K$35="",$G$16:$G$35,K$16:K$35)))>=INT(O$5+60)))=0,"Веха не участвует в расчете выплат за квартал",1/SUMPRODUCT(($E$16:$E$35<>"")*(IF(IF(K$16:K$35="",$G$16:$G$35,K$16:K$35)="",0,INT(IF(K$16:K$35="",$G$16:$G$35,K$16:K$35)))>=INT(O$5+60)))))))),"")} | N29: =IFERROR(IF(AND(O$12<>"",$H29>O$12),0,IF($I29<-100,0,IF(IF(AND($F$1="Да",$F$2=O$5),TRUE(),IF(K29="",$G29,K29)>=O$5+60),IF($H29="","",IF(AND(O$1="МП",_xlfn.ISFORMULA(O29)),"Впиши средний KPI за прошлые кварталы",O$8*M29*IF(AND(OR(O$1="КУПК",O$1="РУПК"),$F$3="Да"),90%+10%*MAX(0,MIN(1,($G$3-40%)*2)),1)*MIN((1+IF(K29="",$I29,K29-$H29)*1%)*IF(O$1="РУПК",1,IF(O$1="МП",(O29-50%)*2,O$10)),IF(O$1="РУПК",1.5,IF(O$1="МП",(O29-50%)*2*1.5,1.5*O$10))))),"Веха не участвует в расчете выплат за квартал"))),"") -> Веха не участвует в расчете выплат за квартал | O29: =IFERROR(IF(ISTEXT(N29),"",IF(AND(OR(O$1="КУПК",O$1="КУПК (РП/ЗРП)"),N29>0),IF($H29="","",CONCATENATE("Расчёт при NPV = ",TEXT(O$11,"# ##0 ₽"),". Коэф. фин. рез. = ",ROUND(O$10,2))),"")),"") | R29: {=IFERROR( IF($E29="","",IF(AND($F$1="Да",$F$2=T$5),IF(COUNTIF($E$16:$E$35,"<>")=0,"Веха не участвует в расчете выплат за квартал",1/COUNTIF($E$16:$E$35,"<>")),IF(IF(P29="",$G29,P29)="", "Веха не участвует в расчете выплат за квартал", IF(INT(IF(P29="",$G29,P29))<INT(T$5+60), "Веха не участвует в расчете выплат за квартал", IF(SUMPRODUCT(($E$16:$E$35<>"")*(IF(IF(P$16:P$35="",$G$16:$G$35,P$16:P$35)="",0,INT(IF(P$16:P$35="",$G$16:$G$35,P$16:P$35)))>=INT(T$5+60)))=0,"Веха не участвует в расчете выплат за квартал",1/SUMPRODUCT(($E$16:$E$35<>"")*(IF(IF(P$16:P$35="",$G$16:$G$35,P$16:P$35)="",0,INT(IF(P$16:P$35="",$G$16:$G$35,P$16:P$35)))>=INT(T$5+60)))))))),"")} | S29: =IFERROR(IF(AND(T$12<>"",$H29>T$12),0,IF($I29<-100,0,IF(IF(AND($F$1="Да",$F$2=T$5),TRUE(),IF(P29="",$G29,P29)>=T$5+60),IF($H29="","",IF(AND(T$1="МП",_xlfn.ISFORMULA(T29)),"Впиши средний KPI за прошлые кварталы",T$8*R29*IF(AND(OR(T$1="КУПК",T$1="РУПК"),$F$3="Да"),90%+10%*MAX(0,MIN(1,($G$3-40%)*2)),1)*MIN((1+IF(P29="",$I29,P29-$H29)*1%)*IF(T$1="РУПК",1,IF(T$1="МП",(T29-50%)*2,T$10)),IF(T$1="РУПК",1.5,IF(T$1="МП",(T29-50%)*2*1.5,1.5*T$10))))),"Веха не участвует в расчете выплат за квартал"))),"") -> Веха не участвует в расчете выплат за квартал | T29: =IFERROR(IF(ISTEXT(S29),"",IF(AND(OR(T$1="КУПК",T$1="КУПК (РП/ЗРП)"),S29>0),IF($H29="","",CONCATENATE("Расчёт при NPV = ",TEXT(T$11,"# ##0 ₽"),". Коэф. фин. рез. = ",ROUND(T$10,2))),"")),"")
B30: =CONCATENATE(E30," ",F30) | C30: 4 | D30: =D29+1 -> 15 | I30: =IF(H30="","",G30-H30) | J30: =IF(H30="","",(DATE(YEAR(H30),ROUNDUP(MONTH(H30)/3,0)*3+2,10)-IF(WEEKDAY(DATE(YEAR(H30),ROUNDUP(MONTH(H30)/3,0)*3+2,10),2)>5,WEEKDAY(DATE(YEAR(H30),ROUNDUP(MONTH(H30)/3,0)*3+2,10),2)-5,0))) | M30: {=IFERROR( IF($E30="","",IF(AND($F$1="Да",$F$2=O$5),IF(COUNTIF($E$16:$E$35,"<>")=0,"Веха не участвует в расчете выплат за квартал",1/COUNTIF($E$16:$E$35,"<>")),IF(IF(K30="",$G30,K30)="", "Веха не участвует в расчете выплат за квартал", IF(INT(IF(K30="",$G30,K30))<INT(O$5+60), "Веха не участвует в расчете выплат за квартал", IF(SUMPRODUCT(($E$16:$E$35<>"")*(IF(IF(K$16:K$35="",$G$16:$G$35,K$16:K$35)="",0,INT(IF(K$16:K$35="",$G$16:$G$35,K$16:K$35)))>=INT(O$5+60)))=0,"Веха не участвует в расчете выплат за квартал",1/SUMPRODUCT(($E$16:$E$35<>"")*(IF(IF(K$16:K$35="",$G$16:$G$35,K$16:K$35)="",0,INT(IF(K$16:K$35="",$G$16:$G$35,K$16:K$35)))>=INT(O$5+60)))))))),"")} | N30: =IFERROR(IF(AND(O$12<>"",$H30>O$12),0,IF($I30<-100,0,IF(IF(AND($F$1="Да",$F$2=O$5),TRUE(),IF(K30="",$G30,K30)>=O$5+60),IF($H30="","",IF(AND(O$1="МП",_xlfn.ISFORMULA(O30)),"Впиши средний KPI за прошлые кварталы",O$8*M30*IF(AND(OR(O$1="КУПК",O$1="РУПК"),$F$3="Да"),90%+10%*MAX(0,MIN(1,($G$3-40%)*2)),1)*MIN((1+IF(K30="",$I30,K30-$H30)*1%)*IF(O$1="РУПК",1,IF(O$1="МП",(O30-50%)*2,O$10)),IF(O$1="РУПК",1.5,IF(O$1="МП",(O30-50%)*2*1.5,1.5*O$10))))),"Веха не участвует в расчете выплат за квартал"))),"") -> Веха не участвует в расчете выплат за квартал | O30: =IFERROR(IF(ISTEXT(N30),"",IF(AND(OR(O$1="КУПК",O$1="КУПК (РП/ЗРП)"),N30>0),IF($H30="","",CONCATENATE("Расчёт при NPV = ",TEXT(O$11,"# ##0 ₽"),". Коэф. фин. рез. = ",ROUND(O$10,2))),"")),"") | R30: {=IFERROR( IF($E30="","",IF(AND($F$1="Да",$F$2=T$5),IF(COUNTIF($E$16:$E$35,"<>")=0,"Веха не участвует в расчете выплат за квартал",1/COUNTIF($E$16:$E$35,"<>")),IF(IF(P30="",$G30,P30)="", "Веха не участвует в расчете выплат за квартал", IF(INT(IF(P30="",$G30,P30))<INT(T$5+60), "Веха не участвует в расчете выплат за квартал", IF(SUMPRODUCT(($E$16:$E$35<>"")*(IF(IF(P$16:P$35="",$G$16:$G$35,P$16:P$35)="",0,INT(IF(P$16:P$35="",$G$16:$G$35,P$16:P$35)))>=INT(T$5+60)))=0,"Веха не участвует в расчете выплат за квартал",1/SUMPRODUCT(($E$16:$E$35<>"")*(IF(IF(P$16:P$35="",$G$16:$G$35,P$16:P$35)="",0,INT(IF(P$16:P$35="",$G$16:$G$35,P$16:P$35)))>=INT(T$5+60)))))))),"")} | S30: =IFERROR(IF(AND(T$12<>"",$H30>T$12),0,IF($I30<-100,0,IF(IF(AND($F$1="Да",$F$2=T$5),TRUE(),IF(P30="",$G30,P30)>=T$5+60),IF($H30="","",IF(AND(T$1="МП",_xlfn.ISFORMULA(T30)),"Впиши средний KPI за прошлые кварталы",T$8*R30*IF(AND(OR(T$1="КУПК",T$1="РУПК"),$F$3="Да"),90%+10%*MAX(0,MIN(1,($G$3-40%)*2)),1)*MIN((1+IF(P30="",$I30,P30-$H30)*1%)*IF(T$1="РУПК",1,IF(T$1="МП",(T30-50%)*2,T$10)),IF(T$1="РУПК",1.5,IF(T$1="МП",(T30-50%)*2*1.5,1.5*T$10))))),"Веха не участвует в расчете выплат за квартал"))),"") -> Веха не участвует в расчете выплат за квартал | T30: =IFERROR(IF(ISTEXT(S30),"",IF(AND(OR(T$1="КУПК",T$1="КУПК (РП/ЗРП)"),S30>0),IF($H30="","",CONCATENATE("Расчёт при NPV = ",TEXT(T$11,"# ##0 ₽"),". Коэф. фин. рез. = ",ROUND(T$10,2))),"")),"")
B31: =CONCATENATE(E31," ",F31) | C31: 4 | D31: =D30+1 -> 16 | I31: =IF(H31="","",G31-H31) | J31: =IF(H31="","",(DATE(YEAR(H31),ROUNDUP(MONTH(H31)/3,0)*3+2,10)-IF(WEEKDAY(DATE(YEAR(H31),ROUNDUP(MONTH(H31)/3,0)*3+2,10),2)>5,WEEKDAY(DATE(YEAR(H31),ROUNDUP(MONTH(H31)/3,0)*3+2,10),2)-5,0))) | M31: {=IFERROR( IF($E31="","",IF(AND($F$1="Да",$F$2=O$5),IF(COUNTIF($E$16:$E$35,"<>")=0,"Веха не участвует в расчете выплат за квартал",1/COUNTIF($E$16:$E$35,"<>")),IF(IF(K31="",$G31,K31)="", "Веха не участвует в расчете выплат за квартал", IF(INT(IF(K31="",$G31,K31))<INT(O$5+60), "Веха не участвует в расчете выплат за квартал", IF(SUMPRODUCT(($E$16:$E$35<>"")*(IF(IF(K$16:K$35="",$G$16:$G$35,K$16:K$35)="",0,INT(IF(K$16:K$35="",$G$16:$G$35,K$16:K$35)))>=INT(O$5+60)))=0,"Веха не участвует в расчете выплат за квартал",1/SUMPRODUCT(($E$16:$E$35<>"")*(IF(IF(K$16:K$35="",$G$16:$G$35,K$16:K$35)="",0,INT(IF(K$16:K$35="",$G$16:$G$35,K$16:K$35)))>=INT(O$5+60)))))))),"")} | N31: =IFERROR(IF(AND(O$12<>"",$H31>O$12),0,IF($I31<-100,0,IF(IF(AND($F$1="Да",$F$2=O$5),TRUE(),IF(K31="",$G31,K31)>=O$5+60),IF($H31="","",IF(AND(O$1="МП",_xlfn.ISFORMULA(O31)),"Впиши средний KPI за прошлые кварталы",O$8*M31*IF(AND(OR(O$1="КУПК",O$1="РУПК"),$F$3="Да"),90%+10%*MAX(0,MIN(1,($G$3-40%)*2)),1)*MIN((1+IF(K31="",$I31,K31-$H31)*1%)*IF(O$1="РУПК",1,IF(O$1="МП",(O31-50%)*2,O$10)),IF(O$1="РУПК",1.5,IF(O$1="МП",(O31-50%)*2*1.5,1.5*O$10))))),"Веха не участвует в расчете выплат за квартал"))),"") -> Веха не участвует в расчете выплат за квартал | O31: =IFERROR(IF(ISTEXT(N31),"",IF(AND(OR(O$1="КУПК",O$1="КУПК (РП/ЗРП)"),N31>0),IF($H31="","",CONCATENATE("Расчёт при NPV = ",TEXT(O$11,"# ##0 ₽"),". Коэф. фин. рез. = ",ROUND(O$10,2))),"")),"") | R31: {=IFERROR( IF($E31="","",IF(AND($F$1="Да",$F$2=T$5),IF(COUNTIF($E$16:$E$35,"<>")=0,"Веха не участвует в расчете выплат за квартал",1/COUNTIF($E$16:$E$35,"<>")),IF(IF(P31="",$G31,P31)="", "Веха не участвует в расчете выплат за квартал", IF(INT(IF(P31="",$G31,P31))<INT(T$5+60), "Веха не участвует в расчете выплат за квартал", IF(SUMPRODUCT(($E$16:$E$35<>"")*(IF(IF(P$16:P$35="",$G$16:$G$35,P$16:P$35)="",0,INT(IF(P$16:P$35="",$G$16:$G$35,P$16:P$35)))>=INT(T$5+60)))=0,"Веха не участвует в расчете выплат за квартал",1/SUMPRODUCT(($E$16:$E$35<>"")*(IF(IF(P$16:P$35="",$G$16:$G$35,P$16:P$35)="",0,INT(IF(P$16:P$35="",$G$16:$G$35,P$16:P$35)))>=INT(T$5+60)))))))),"")} | S31: =IFERROR(IF(AND(T$12<>"",$H31>T$12),0,IF($I31<-100,0,IF(IF(AND($F$1="Да",$F$2=T$5),TRUE(),IF(P31="",$G31,P31)>=T$5+60),IF($H31="","",IF(AND(T$1="МП",_xlfn.ISFORMULA(T31)),"Впиши средний KPI за прошлые кварталы",T$8*R31*IF(AND(OR(T$1="КУПК",T$1="РУПК"),$F$3="Да"),90%+10%*MAX(0,MIN(1,($G$3-40%)*2)),1)*MIN((1+IF(P31="",$I31,P31-$H31)*1%)*IF(T$1="РУПК",1,IF(T$1="МП",(T31-50%)*2,T$10)),IF(T$1="РУПК",1.5,IF(T$1="МП",(T31-50%)*2*1.5,1.5*T$10))))),"Веха не участвует в расчете выплат за квартал"))),"") -> Веха не участвует в расчете выплат за квартал | T31: =IFERROR(IF(ISTEXT(S31),"",IF(AND(OR(T$1="КУПК",T$1="КУПК (РП/ЗРП)"),S31>0),IF($H31="","",CONCATENATE("Расчёт при NPV = ",TEXT(T$11,"# ##0 ₽"),". Коэф. фин. рез. = ",ROUND(T$10,2))),"")),"")
B32: =CONCATENATE(E32," ",F32) | C32: 4 | D32: =D31+1 -> 17 | I32: =IF(H32="","",G32-H32) | J32: =IF(H32="","",(DATE(YEAR(H32),ROUNDUP(MONTH(H32)/3,0)*3+2,10)-IF(WEEKDAY(DATE(YEAR(H32),ROUNDUP(MONTH(H32)/3,0)*3+2,10),2)>5,WEEKDAY(DATE(YEAR(H32),ROUNDUP(MONTH(H32)/3,0)*3+2,10),2)-5,0))) | M32: {=IFERROR( IF($E32="","",IF(AND($F$1="Да",$F$2=O$5),IF(COUNTIF($E$16:$E$35,"<>")=0,"Веха не участвует в расчете выплат за квартал",1/COUNTIF($E$16:$E$35,"<>")),IF(IF(K32="",$G32,K32)="", "Веха не участвует в расчете выплат за квартал", IF(INT(IF(K32="",$G32,K32))<INT(O$5+60), "Веха не участвует в расчете выплат за квартал", IF(SUMPRODUCT(($E$16:$E$35<>"")*(IF(IF(K$16:K$35="",$G$16:$G$35,K$16:K$35)="",0,INT(IF(K$16:K$35="",$G$16:$G$35,K$16:K$35)))>=INT(O$5+60)))=0,"Веха не участвует в расчете выплат за квартал",1/SUMPRODUCT(($E$16:$E$35<>"")*(IF(IF(K$16:K$35="",$G$16:$G$35,K$16:K$35)="",0,INT(IF(K$16:K$35="",$G$16:$G$35,K$16:K$35)))>=INT(O$5+60)))))))),"")} | N32: =IFERROR(IF(AND(O$12<>"",$H32>O$12),0,IF($I32<-100,0,IF(IF(AND($F$1="Да",$F$2=O$5),TRUE(),IF(K32="",$G32,K32)>=O$5+60),IF($H32="","",IF(AND(O$1="МП",_xlfn.ISFORMULA(O32)),"Впиши средний KPI за прошлые кварталы",O$8*M32*IF(AND(OR(O$1="КУПК",O$1="РУПК"),$F$3="Да"),90%+10%*MAX(0,MIN(1,($G$3-40%)*2)),1)*MIN((1+IF(K32="",$I32,K32-$H32)*1%)*IF(O$1="РУПК",1,IF(O$1="МП",(O32-50%)*2,O$10)),IF(O$1="РУПК",1.5,IF(O$1="МП",(O32-50%)*2*1.5,1.5*O$10))))),"Веха не участвует в расчете выплат за квартал"))),"") -> Веха не участвует в расчете выплат за квартал | O32: =IFERROR(IF(ISTEXT(N32),"",IF(AND(OR(O$1="КУПК",O$1="КУПК (РП/ЗРП)"),N32>0),IF($H32="","",CONCATENATE("Расчёт при NPV = ",TEXT(O$11,"# ##0 ₽"),". Коэф. фин. рез. = ",ROUND(O$10,2))),"")),"") | R32: {=IFERROR( IF($E32="","",IF(AND($F$1="Да",$F$2=T$5),IF(COUNTIF($E$16:$E$35,"<>")=0,"Веха не участвует в расчете выплат за квартал",1/COUNTIF($E$16:$E$35,"<>")),IF(IF(P32="",$G32,P32)="", "Веха не участвует в расчете выплат за квартал", IF(INT(IF(P32="",$G32,P32))<INT(T$5+60), "Веха не участвует в расчете выплат за квартал", IF(SUMPRODUCT(($E$16:$E$35<>"")*(IF(IF(P$16:P$35="",$G$16:$G$35,P$16:P$35)="",0,INT(IF(P$16:P$35="",$G$16:$G$35,P$16:P$35)))>=INT(T$5+60)))=0,"Веха не участвует в расчете выплат за квартал",1/SUMPRODUCT(($E$16:$E$35<>"")*(IF(IF(P$16:P$35="",$G$16:$G$35,P$16:P$35)="",0,INT(IF(P$16:P$35="",$G$16:$G$35,P$16:P$35)))>=INT(T$5+60)))))))),"")} | S32: =IFERROR(IF(AND(T$12<>"",$H32>T$12),0,IF($I32<-100,0,IF(IF(AND($F$1="Да",$F$2=T$5),TRUE(),IF(P32="",$G32,P32)>=T$5+60),IF($H32="","",IF(AND(T$1="МП",_xlfn.ISFORMULA(T32)),"Впиши средний KPI за прошлые кварталы",T$8*R32*IF(AND(OR(T$1="КУПК",T$1="РУПК"),$F$3="Да"),90%+10%*MAX(0,MIN(1,($G$3-40%)*2)),1)*MIN((1+IF(P32="",$I32,P32-$H32)*1%)*IF(T$1="РУПК",1,IF(T$1="МП",(T32-50%)*2,T$10)),IF(T$1="РУПК",1.5,IF(T$1="МП",(T32-50%)*2*1.5,1.5*T$10))))),"Веха не участвует в расчете выплат за квартал"))),"") -> Веха не участвует в расчете выплат за квартал | T32: =IFERROR(IF(ISTEXT(S32),"",IF(AND(OR(T$1="КУПК",T$1="КУПК (РП/ЗРП)"),S32>0),IF($H32="","",CONCATENATE("Расчёт при NPV = ",TEXT(T$11,"# ##0 ₽"),". Коэф. фин. рез. = ",ROUND(T$10,2))),"")),"")
B33: =CONCATENATE(E33," ",F33) | C33: 4 | D33: =D32+1 -> 18 | I33: =IF(H33="","",G33-H33) | J33: =IF(H33="","",(DATE(YEAR(H33),ROUNDUP(MONTH(H33)/3,0)*3+2,10)-IF(WEEKDAY(DATE(YEAR(H33),ROUNDUP(MONTH(H33)/3,0)*3+2,10),2)>5,WEEKDAY(DATE(YEAR(H33),ROUNDUP(MONTH(H33)/3,0)*3+2,10),2)-5,0))) | M33: {=IFERROR( IF($E33="","",IF(AND($F$1="Да",$F$2=O$5),IF(COUNTIF($E$16:$E$35,"<>")=0,"Веха не участвует в расчете выплат за квартал",1/COUNTIF($E$16:$E$35,"<>")),IF(IF(K33="",$G33,K33)="", "Веха не участвует в расчете выплат за квартал", IF(INT(IF(K33="",$G33,K33))<INT(O$5+60), "Веха не участвует в расчете выплат за квартал", IF(SUMPRODUCT(($E$16:$E$35<>"")*(IF(IF(K$16:K$35="",$G$16:$G$35,K$16:K$35)="",0,INT(IF(K$16:K$35="",$G$16:$G$35,K$16:K$35)))>=INT(O$5+60)))=0,"Веха не участвует в расчете выплат за квартал",1/SUMPRODUCT(($E$16:$E$35<>"")*(IF(IF(K$16:K$35="",$G$16:$G$35,K$16:K$35)="",0,INT(IF(K$16:K$35="",$G$16:$G$35,K$16:K$35)))>=INT(O$5+60)))))))),"")} | N33: =IFERROR(IF(AND(O$12<>"",$H33>O$12),0,IF($I33<-100,0,IF(IF(AND($F$1="Да",$F$2=O$5),TRUE(),IF(K33="",$G33,K33)>=O$5+60),IF($H33="","",IF(AND(O$1="МП",_xlfn.ISFORMULA(O33)),"Впиши средний KPI за прошлые кварталы",O$8*M33*IF(AND(OR(O$1="КУПК",O$1="РУПК"),$F$3="Да"),90%+10%*MAX(0,MIN(1,($G$3-40%)*2)),1)*MIN((1+IF(K33="",$I33,K33-$H33)*1%)*IF(O$1="РУПК",1,IF(O$1="МП",(O33-50%)*2,O$10)),IF(O$1="РУПК",1.5,IF(O$1="МП",(O33-50%)*2*1.5,1.5*O$10))))),"Веха не участвует в расчете выплат за квартал"))),"") -> Веха не участвует в расчете выплат за квартал | O33: =IFERROR(IF(ISTEXT(N33),"",IF(AND(OR(O$1="КУПК",O$1="КУПК (РП/ЗРП)"),N33>0),IF($H33="","",CONCATENATE("Расчёт при NPV = ",TEXT(O$11,"# ##0 ₽"),". Коэф. фин. рез. = ",ROUND(O$10,2))),"")),"") | R33: {=IFERROR( IF($E33="","",IF(AND($F$1="Да",$F$2=T$5),IF(COUNTIF($E$16:$E$35,"<>")=0,"Веха не участвует в расчете выплат за квартал",1/COUNTIF($E$16:$E$35,"<>")),IF(IF(P33="",$G33,P33)="", "Веха не участвует в расчете выплат за квартал", IF(INT(IF(P33="",$G33,P33))<INT(T$5+60), "Веха не участвует в расчете выплат за квартал", IF(SUMPRODUCT(($E$16:$E$35<>"")*(IF(IF(P$16:P$35="",$G$16:$G$35,P$16:P$35)="",0,INT(IF(P$16:P$35="",$G$16:$G$35,P$16:P$35)))>=INT(T$5+60)))=0,"Веха не участвует в расчете выплат за квартал",1/SUMPRODUCT(($E$16:$E$35<>"")*(IF(IF(P$16:P$35="",$G$16:$G$35,P$16:P$35)="",0,INT(IF(P$16:P$35="",$G$16:$G$35,P$16:P$35)))>=INT(T$5+60)))))))),"")} | S33: =IFERROR(IF(AND(T$12<>"",$H33>T$12),0,IF($I33<-100,0,IF(IF(AND($F$1="Да",$F$2=T$5),TRUE(),IF(P33="",$G33,P33)>=T$5+60),IF($H33="","",IF(AND(T$1="МП",_xlfn.ISFORMULA(T33)),"Впиши средний KPI за прошлые кварталы",T$8*R33*IF(AND(OR(T$1="КУПК",T$1="РУПК"),$F$3="Да"),90%+10%*MAX(0,MIN(1,($G$3-40%)*2)),1)*MIN((1+IF(P33="",$I33,P33-$H33)*1%)*IF(T$1="РУПК",1,IF(T$1="МП",(T33-50%)*2,T$10)),IF(T$1="РУПК",1.5,IF(T$1="МП",(T33-50%)*2*1.5,1.5*T$10))))),"Веха не участвует в расчете выплат за квартал"))),"") -> Веха не участвует в расчете выплат за квартал | T33: =IFERROR(IF(ISTEXT(S33),"",IF(AND(OR(T$1="КУПК",T$1="КУПК (РП/ЗРП)"),S33>0),IF($H33="","",CONCATENATE("Расчёт при NPV = ",TEXT(T$11,"# ##0 ₽"),". Коэф. фин. рез. = ",ROUND(T$10,2))),"")),"")
... B35: =CONCATENATE(E35," ",F35) | C35: 4 | D35: =D34+1 -> 20 | I35: =IF(H35="","",G35-H35) | J35: =IF(H35="","",(DATE(YEAR(H35),ROUNDUP(MONTH(H35)/3,0)*3+2,10)-IF(WEEKDAY(DATE(YEAR(H35),ROUNDUP(MONTH(H35)/3,0)*3+2,10),2)>5,WEEKDAY(DATE(YEAR(H35),ROUNDUP(MONTH(H35)/3,0)*3+2,10),2)-5,0))) | M35: {=IFERROR( IF($E35="","",IF(AND($F$1="Да",$F$2=O$5),IF(COUNTIF($E$16:$E$35,"<>")=0,"Веха не участвует в расчете выплат за квартал",1/COUNTIF($E$16:$E$35,"<>")),IF(IF(K35="",$G35,K35)="", "Веха не участвует в расчете выплат за квартал", IF(INT(IF(K35="",$G35,K35))<INT(O$5+60), "Веха не участвует в расчете выплат за квартал", IF(SUMPRODUCT(($E$16:$E$35<>"")*(IF(IF(K$16:K$35="",$G$16:$G$35,K$16:K$35)="",0,INT(IF(K$16:K$35="",$G$16:$G$35,K$16:K$35)))>=INT(O$5+60)))=0,"Веха не участвует в расчете выплат за квартал",1/SUMPRODUCT(($E$16:$E$35<>"")*(IF(IF(K$16:K$35="",$G$16:$G$35,K$16:K$35)="",0,INT(IF(K$16:K$35="",$G$16:$G$35,K$16:K$35)))>=INT(O$5+60)))))))),"")} | N35: =IFERROR(IF(AND(O$12<>"",$H35>O$12),0,IF($I35<-100,0,IF(IF(AND($F$1="Да",$F$2=O$5),TRUE(),IF(K35="",$G35,K35)>=O$5+60),IF($H35="","",IF(AND(O$1="МП",_xlfn.ISFORMULA(O35)),"Впиши средний KPI за прошлые кварталы",O$8*M35*IF(AND(OR(O$1="КУПК",O$1="РУПК"),$F$3="Да"),90%+10%*MAX(0,MIN(1,($G$3-40%)*2)),1)*MIN((1+IF(K35="",$I35,K35-$H35)*1%)*IF(O$1="РУПК",1,IF(O$1="МП",(O35-50%)*2,O$10)),IF(O$1="РУПК",1.5,IF(O$1="МП",(O35-50%)*2*1.5,1.5*O$10))))),"Веха не участвует в расчете выплат за квартал"))),"") -> Веха не участвует в расчете выплат за квартал | O35: =IFERROR(IF(ISTEXT(N35),"",IF(AND(OR(O$1="КУПК",O$1="КУПК (РП/ЗРП)"),N35>0),IF($H35="","",CONCATENATE("Расчёт при NPV = ",TEXT(O$11,"# ##0 ₽"),". Коэф. фин. рез. = ",ROUND(O$10,2))),"")),"") | R35: {=IFERROR( IF($E35="","",IF(AND($F$1="Да",$F$2=T$5),IF(COUNTIF($E$16:$E$35,"<>")=0,"Веха не участвует в расчете выплат за квартал",1/COUNTIF($E$16:$E$35,"<>")),IF(IF(P35="",$G35,P35)="", "Веха не участвует в расчете выплат за квартал", IF(INT(IF(P35="",$G35,P35))<INT(T$5+60), "Веха не участвует в расчете выплат за квартал", IF(SUMPRODUCT(($E$16:$E$35<>"")*(IF(IF(P$16:P$35="",$G$16:$G$35,P$16:P$35)="",0,INT(IF(P$16:P$35="",$G$16:$G$35,P$16:P$35)))>=INT(T$5+60)))=0,"Веха не участвует в расчете выплат за квартал",1/SUMPRODUCT(($E$16:$E$35<>"")*(IF(IF(P$16:P$35="",$G$16:$G$35,P$16:P$35)="",0,INT(IF(P$16:P$35="",$G$16:$G$35,P$16:P$35)))>=INT(T$5+60)))))))),"")} | S35: =IFERROR(IF(AND(T$12<>"",$H35>T$12),0,IF($I35<-100,0,IF(IF(AND($F$1="Да",$F$2=T$5),TRUE(),IF(P35="",$G35,P35)>=T$5+60),IF($H35="","",IF(AND(T$1="МП",_xlfn.ISFORMULA(T35)),"Впиши средний KPI за прошлые кварталы",T$8*R35*IF(AND(OR(T$1="КУПК",T$1="РУПК"),$F$3="Да"),90%+10%*MAX(0,MIN(1,($G$3-40%)*2)),1)*MIN((1+IF(P35="",$I35,P35-$H35)*1%)*IF(T$1="РУПК",1,IF(T$1="МП",(T35-50%)*2,T$10)),IF(T$1="РУПК",1.5,IF(T$1="МП",(T35-50%)*2*1.5,1.5*T$10))))),"Веха не участвует в расчете выплат за квартал"))),"") -> Веха не участвует в расчете выплат за квартал | T35: =IFERROR(IF(ISTEXT(S35),"",IF(AND(OR(T$1="КУПК",T$1="КУПК (РП/ЗРП)"),S35>0),IF($H35="","",CONCATENATE("Расчёт при NPV = ",TEXT(T$11,"# ##0 ₽"),". Коэф. фин. рез. = ",ROUND(T$10,2))),"")),"")
B36: =CONCATENATE(E36," ",F36) -> Ключевая веха этапа | C36: 4 | E36: Ключевая веха этапа | G36: 46295 | I36: =IF(H36="","",G36-H36) | J36: =IF(H36="","",(DATE(YEAR(H36),ROUNDUP(MONTH(H36)/3,0)*3+2,10)-IF(WEEKDAY(DATE(YEAR(H36),ROUNDUP(MONTH(H36)/3,0)*3+2,10),2)>5,WEEKDAY(DATE(YEAR(H36),ROUNDUP(MONTH(H36)/3,0)*3+2,10),2)-5,0))) | M36: Финальный бонус без накопленных процентов | N36: =IFERROR(IF(O$13="",IF($H36="","",IF(K36="",IF(O$1="МП",IF((O$7*IF(AND(OR(O$1="КУПК",O$1="РУПК"),$F$3="Да"),90%+10%*MAX(0,MIN(1,($G$3-40%)*2)),1))*(1+($I36*1%))*((AVERAGE(O$16:O35)-50%)*2)-SUM(N$16:N35)<0,0,(O$7*IF(AND(OR(O$1="КУПК",O$1="РУПК"),$F$3="Да"),90%+10%*MAX(0,MIN(1,($G$3-40%)*2)),1))*(1+($I36*1%))*((AVERAGE(O$16:O35)-50%)*2)-SUM(N$16:N35)),IF(O$1="РУПК",IF((O$7*IF(AND(OR(O$1="КУПК",O$1="РУПК"),$F$3="Да"),90%+10%*MAX(0,MIN(1,($G$3-40%)*2)),1))*(1+($I36*1%))-SUM(N$16:N35)<0,0,(O$7*IF(AND(OR(O$1="КУПК",O$1="РУПК"),$F$3="Да"),90%+10%*MAX(0,MIN(1,($G$3-40%)*2)),1))*(1+($I36*1%))-SUM(N$16:N35)),IF(OR(O$1="КУПК",O$1="КУПК (РП/ЗРП)"),IF((O$7*IF(AND(OR(O$1="КУПК",O$1="РУПК"),$F$3="Да"),90%+10%*MAX(0,MIN(1,($G$3-40%)*2)),1))*O$10*(1+($I36*1%))-SUM(N$16:N35)<0,0,(O$7*IF(AND(OR(O$1="КУПК",O$1="РУПК"),$F$3="Да"),90%+10%*MAX(0,MIN(1,($G$3-40%)*2)),1))*O$10*(1+($I36*1%))-SUM(N$16:N35))))),IF(O$1="МП",IF((O$7*IF(AND(OR(O$1="КУПК",O$1="РУПК"),$F$3="Да"),90%+10%*MAX(0,MIN(1,($G$3-40%)*2)),1))*(1+((K36-$H36)*1%))*((AVERAGE(O$16:O35)-50%)*2)-SUM(N$16:N35)<0,0,(O$7*IF(AND(OR(O$1="КУПК",O$1="РУПК"),$F$3="Да"),90%+10%*MAX(0,MIN(1,($G$3-40%)*2)),1))*(1+((K36-$H36)*1%))*((AVERAGE(O$16:O35)-50%)*2)-SUM(N$16:N35)),IF(O$1="РУПК",IF((O$7*IF(AND(OR(O$1="КУПК",O$1="РУПК"),$F$3="Да"),90%+10%*MAX(0,MIN(1,($G$3-40%)*2)),1))*(1+((K36-$H36)*1%))-SUM(N$16:N35)<0,0,(O$7*IF(AND(OR(O$1="КУПК",O$1="РУПК"),$F$3="Да"),90%+10%*MAX(0,MIN(1,($G$3-40%)*2)),1))*(1+((K36-$H36)*1%))-SUM(N$16:N35)),IF(OR(O$1="КУПК",O$1="КУПК (РП/ЗРП)"),IF((O$7*IF(AND(OR(O$1="КУПК",O$1="РУПК"),$F$3="Да"),90%+10%*MAX(0,MIN(1,($G$3-40%)*2)),1))*O$10*(1+((K36-$H36)*1%))-SUM(N$16:N35)<0,0,(O$7*IF(AND(OR(O$1="КУПК",O$1="РУПК"),$F$3="Да"),90%+10%*MAX(0,MIN(1,($G$3-40%)*2)),1))*O$10*(1+((K36-$H36)*1%))-SUM(N$16:N35))))))),O$13),"") | O36: =IFERROR(IF(ISTEXT(N36),"",IF(AND(OR(O$1="КУПК",O$1="КУПК (РП/ЗРП)"),N36>0),IF($H36="","",CONCATENATE("Расчёт при NPV = ",TEXT(O$11,"# ##0 ₽"),". Коэф. фин. рез. = ",ROUND(O$10,2))),"")),"") | R36: Финальный бонус без накопленных процентов | S36: =IFERROR(IF(T$13="",IF($H36="","",IF(P36="",IF(T$1="МП",IF((T$7*IF(AND(OR(T$1="КУПК",T$1="РУПК"),$F$3="Да"),90%+10%*MAX(0,MIN(1,($G$3-40%)*2)),1))*(1+($I36*1%))*((AVERAGE(T$16:T35)-50%)*2)-SUM(S$16:S35)<0,0,(T$7*IF(AND(OR(T$1="КУПК",T$1="РУПК"),$F$3="Да"),90%+10%*MAX(0,MIN(1,($G$3-40%)*2)),1))*(1+($I36*1%))*((AVERAGE(T$16:T35)-50%)*2)-SUM(S$16:S35)),IF(T$1="РУПК",IF((T$7*IF(AND(OR(T$1="КУПК",T$1="РУПК"),$F$3="Да"),90%+10%*MAX(0,MIN(1,($G$3-40%)*2)),1))*(1+($I36*1%))-SUM(S$16:S35)<0,0,(T$7*IF(AND(OR(T$1="КУПК",T$1="РУПК"),$F$3="Да"),90%+10%*MAX(0,MIN(1,($G$3-40%)*2)),1))*(1+($I36*1%))-SUM(S$16:S35)),IF(OR(T$1="КУПК",T$1="КУПК (РП/ЗРП)"),IF((T$7*IF(AND(OR(T$1="КУПК",T$1="РУПК"),$F$3="Да"),90%+10%*MAX(0,MIN(1,($G$3-40%)*2)),1))*T$10*(1+($I36*1%))-SUM(S$16:S35)<0,0,(T$7*IF(AND(OR(T$1="КУПК",T$1="РУПК"),$F$3="Да"),90%+10%*MAX(0,MIN(1,($G$3-40%)*2)),1))*T$10*(1+($I36*1%))-SUM(S$16:S35))))),IF(T$1="МП",IF((T$7*IF(AND(OR(T$1="КУПК",T$1="РУПК"),$F$3="Да"),90%+10%*MAX(0,MIN(1,($G$3-40%)*2)),1))*(1+((P36-$H36)*1%))*((AVERAGE(T$16:T35)-50%)*2)-SUM(S$16:S35)<0,0,(T$7*IF(AND(OR(T$1="КУПК",T$1="РУПК"),$F$3="Да"),90%+10%*MAX(0,MIN(1,($G$3-40%)*2)),1))*(1+((P36-$H36)*1%))*((AVERAGE(T$16:T35)-50%)*2)-SUM(S$16:S35)),IF(T$1="РУПК",IF((T$7*IF(AND(OR(T$1="КУПК",T$1="РУПК"),$F$3="Да"),90%+10%*MAX(0,MIN(1,($G$3-40%)*2)),1))*(1+((P36-$H36)*1%))-SUM(S$16:S35)<0,0,(T$7*IF(AND(OR(T$1="КУПК",T$1="РУПК"),$F$3="Да"),90%+10%*MAX(0,MIN(1,($G$3-40%)*2)),1))*(1+((P36-$H36)*1%))-SUM(S$16:S35)),IF(OR(T$1="КУПК",T$1="КУПК (РП/ЗРП)"),IF((T$7*IF(AND(OR(T$1="КУПК",T$1="РУПК"),$F$3="Да"),90%+10%*MAX(0,MIN(1,($G$3-40%)*2)),1))*T$10*(1+((P36-$H36)*1%))-SUM(S$16:S35)<0,0,(T$7*IF(AND(OR(T$1="КУПК",T$1="РУПК"),$F$3="Да"),90%+10%*MAX(0,MIN(1,($G$3-40%)*2)),1))*T$10*(1+((P36-$H36)*1%))-SUM(S$16:S35))))))),T$13),"") | T36: =IFERROR(IF(ISTEXT(S36),"",IF(AND(OR(T$1="КУПК",T$1="КУПК (РП/ЗРП)"),S36>0),IF($H36="","",CONCATENATE("Расчёт при NPV = ",TEXT(T$11,"# ##0 ₽"),". Коэф. фин. рез. = ",ROUND(T$10,2))),"")),"")
B37: =CONCATENATE(E37," ",F37) -> Финальная веха* | E37: Финальная веха* | H37: =IF(H36="","",H36) | J37: =IF(H37="","",(DATE(YEAR(H37),ROUNDUP(MONTH(H37)/3,0)*3+2,10)-IF(WEEKDAY(DATE(YEAR(H37),ROUNDUP(MONTH(H37)/3,0)*3+2,10),2)>5,WEEKDAY(DATE(YEAR(H37),ROUNDUP(MONTH(H37)/3,0)*3+2,10),2)-5,0))) | M37: К выплате с процентами: | N37: =IFERROR(IF(N$36<0,0,IF($H36="","",IF(OR(O1="МП",O1="РУПК"),N36+VLOOKUP(O$3,'проценты на отложенную часть'!$B$6:$H$37,3,0),IF(O$37="","Зафиксируй NPV для расчета в комментарии!",IF(OR(O$1="КУПК (РП/ЗРП)",O$1="КУПК"),N36*50%+VLOOKUP(O$3,'проценты на отложенную часть'!$B$6:$H$37,4,0),""))))),"") | R37: К выплате с процентами: | S37: =IFERROR(IF(S$36<0,0,IF($H36="","",IF(OR(T1="МП",T1="РУПК"),S36+VLOOKUP(T$3,'проценты на отложенную часть'!$B$6:$H$37,3,0),IF(T$37="","Зафиксируй NPV для расчета в комментарии!",IF(OR(T$1="КУПК (РП/ЗРП)",T$1="КУПК"),S36*50%+VLOOKUP(T$3,'проценты на отложенную часть'!$B$6:$H$37,4,0),""))))),"")
B38: =CONCATENATE(E38," ",F38) -> Финальная веха (25% ПБ)* | E38: Финальная веха (25% ПБ)* | G38: выплата через 1 кв | H38: =IF(H36="","",H36+90) | J38: =IF(H38="","",(DATE(YEAR(H38),ROUNDUP(MONTH(H38)/3,0)*3+2,10)-IF(WEEKDAY(DATE(YEAR(H38),ROUNDUP(MONTH(H38)/3,0)*3+2,10),2)>5,WEEKDAY(DATE(YEAR(H38),ROUNDUP(MONTH(H38)/3,0)*3+2,10),2)-5,0))) | M38: =(IF(OR(O$1="КУПК",O$1="КУПК (РП/ЗРП)"),"К выплате с процентами:","")) | N38: =IF(OR(O$1="МП",O1="РУПК"),"",IF(N$36="","",IF(N$36<0,0,IF(O$38="","Зафиксируй NPV для расчета в комментарии!",IF(O$38>=O$37,N$36*25%+VLOOKUP(O$3,'проценты на отложенную часть'!$B$6:$H$37,5,0),"Выплаты приостановлены"))))) | R38: =(IF(OR(T$1="КУПК",T$1="КУПК (РП/ЗРП)"),"К выплате с процентами:","")) | S38: =IF(OR(T$1="МП",T1="РУПК"),"",IF(S$36="","",IF(S$36<0,0,IF(T$38="","Зафиксируй NPV для расчета в комментарии!",IF(T$38>=T$37,S$36*25%+VLOOKUP(T$3,'проценты на отложенную часть'!$B$6:$H$37,5,0),"Выплаты приостановлены")))))
B39: =CONCATENATE(E39," ",F39) -> Финальная веха (25% ПБ) 2 часть * | E39: Финальная веха (25% ПБ) 2 часть * | G39: выплата через 2 кв | H39: =IF(H36="","",H38+90) | J39: =IF(H39="","",(DATE(YEAR(H39),ROUNDUP(MONTH(H39)/3,0)*3+2,10)-IF(WEEKDAY(DATE(YEAR(H39),ROUNDUP(MONTH(H39)/3,0)*3+2,10),2)>5,WEEKDAY(DATE(YEAR(H39),ROUNDUP(MONTH(H39)/3,0)*3+2,10),2)-5,0))) | M39: =(IF(OR(O$1="КУПК",O$1="КУПК (РП/ЗРП)"),"К выплате с процентами:","")) | N39: =IF(OR(O1="МП",O1="РУПК"),"",IF(N$36="","",IF(N$36=0,VLOOKUP(O$3,'проценты на отложенную часть'!$B$6:$H$37,6,0),IF(O$39="","Зафиксируй NPV для расчета в комментарии!",IF(N$38="Выплаты приостановлены",IF(O$39>=O$37,N$36*25%+VLOOKUP(O$3,'проценты на отложенную часть'!$B$6:$H$37,5,0)+N$36*25%+VLOOKUP(O$3,'проценты на отложенную часть'!$B$6:$H$37,6,0),"Принять решение о перерасчете выплаченной части при падении NPV"),IF(O$39>=O$37,N$36*25%+VLOOKUP(O$3,'проценты на отложенную часть'!$B$6:$H$37,6,0),"Выплаты приостановлены")))))) | R39: =(IF(OR(T$1="КУПК",T$1="КУПК (РП/ЗРП)"),"К выплате с процентами:","")) | S39: =IF(OR(T1="МП",T1="РУПК"),"",IF(S$36="","",IF(S$36=0,VLOOKUP(T$3,'проценты на отложенную часть'!$B$6:$H$37,6,0),IF(T$39="","Зафиксируй NPV для расчета в комментарии!",IF(S$38="Выплаты приостановлены",IF(T$39>=T$37,S$36*25%+VLOOKUP(T$3,'проценты на отложенную часть'!$B$6:$H$37,5,0)+S$36*25%+VLOOKUP(T$3,'проценты на отложенную часть'!$B$6:$H$37,6,0),"Принять решение о перерасчете выплаченной части при падении NPV"),IF(T$39>=T$37,S$36*25%+VLOOKUP(T$3,'проценты на отложенную часть'!$B$6:$H$37,6,0),"Выплаты приостановлены"))))))
E41: *На отложенную часть бонуса начисляются проценты, исходя из Ключевой ставки ЦБ РФ. Рассчитывается в конце этапа, после закрытия финальной вехи.
K44: Начало периода | L44: Конец периода | M44: Коэффициент загруженности | N44: Бонус за период | O44: ПБ за период | P44: Начало периода | Q44: Конец периода | R44: Коэффициент загруженности | S44: Бонус за период | T44: ПБ за период
K45: 45748 | L45: 46295 | M45: 1 | N45: 2400000 | O45: =N45/365*(L45-K45+1)*M45 -> 3603287.7 | T45: =S45/365*(Q45-P45+1)*R45 -> 0
O46: =N46/365*(L46-K46+1)*M46 -> 0
O47: =N47/365*(L47-K47+1)*M47 -> 0
O48: =N48/365*(L48-K48+1)*M48 -> 0

Sheet проценты на отложенную часть
B1: Расчет должен быть для каждого сотрудника персонально
B3: 0
B4: 1
B5: ФИО | C5: Должность | D5: 1 | E5: 0.5 | F5: 0.25 | G5: 0.25 | H5: сумма
B6: {=IFERROR(INDEX(калькулятор!$K$3:$OJ$3,SMALL(IF(COUNTIF($B$3:B5,калькулятор!$K$3:$OJ$3)=0,COLUMN(калькулятор!$K$3:$OJ$3)-COLUMN(калькулятор!$K$3)+1),1)),"")} -> Тестова Восемнадцать | C6: =IFERROR(INDEX(калькулятор!$1:$3,1,MATCH(B6,калькулятор!$3:$3,0)),"") -> РУПК | D6: =IF(B6="","",IF(OR($C6="КУПК",$C6="КУПК (РП/ЗРП)"),"",VLOOKUP($B6,$B$39:$S$1353,10,0))) -> 0 | E6: =IF($B6="","",IF(OR($C6="МП",$C6="РУПК"),"",VLOOKUP($B6,$B$39:$S$1353,10,0))) | F6: =IF($B6="","",IF(OR($C6="МП",$C6="РУПК"),"",VLOOKUP($B6,$B$39:$S$1353,13,0))) | G6: =IF($B6="","",IF(OR($C6="МП",$C6="РУПК"),"",VLOOKUP($B6,$B$39:$S$1353,16,0))) | H6: =IF(B6="","",SUM(D6:G6)) -> 0
B7: {=IFERROR(INDEX(калькулятор!$K$3:$OJ$3,SMALL(IF(COUNTIF($B$3:B6,калькулятор!$K$3:$OJ$3)=0,COLUMN(калькулятор!$K$3:$OJ$3)-COLUMN(калькулятор!$K$3)+1),1)),"")} | C7: =IFERROR(INDEX(калькулятор!$1:$3,1,MATCH(B7,калькулятор!$3:$3,0)),"") | D7: =IF(B7="","",IF(OR($C7="КУПК",$C7="КУПК (РП/ЗРП)"),"",VLOOKUP($B7,$B$39:$S$1353,10,0))) | E7: =IF($B7="","",IF(OR($C7="МП",$C7="РУПК"),"",VLOOKUP($B7,$B$39:$S$1353,10,0))) | F7: =IF($B7="","",IF(OR($C7="МП",$C7="РУПК"),"",VLOOKUP($B7,$B$39:$S$1353,13,0))) | G7: =IF($B7="","",IF(OR($C7="МП",$C7="РУПК"),"",VLOOKUP($B7,$B$39:$S$1353,16,0))) | H7: =IF(B7="","",SUM(D7:G7))
B8: {=IFERROR(INDEX(калькулятор!$K$3:$OJ$3,SMALL(IF(COUNTIF($B$3:B7,калькулятор!$K$3:$OJ$3)=0,COLUMN(калькулятор!$K$3:$OJ$3)-COLUMN(калькулятор!$K$3)+1),1)),"")} | C8: =IFERROR(INDEX(калькулятор!$1:$3,1,MATCH(B8,калькулятор!$3:$3,0)),"") | D8: =IF(B8="","",IF(OR($C8="КУПК",$C8="КУПК (РП/ЗРП)"),"",VLOOKUP($B8,$B$39:$S$1353,10,0))) | E8: =IF($B8="","",IF(OR($C8="МП",$C8="РУПК"),"",VLOOKUP($B8,$B$39:$S$1353,10,0))) | F8: =IF($B8="","",IF(OR($C8="МП",$C8="РУПК"),"",VLOOKUP($B8,$B$39:$S$1353,13,0))) | G8: =IF($B8="","",IF(OR($C8="МП",$C8="РУПК"),"",VLOOKUP($B8,$B$39:$S$1353,16,0))) | H8: =IF(B8="","",SUM(D8:G8))
B9: {=IFERROR(INDEX(калькулятор!$K$3:$OJ$3,SMALL(IF(COUNTIF($B$3:B8,калькулятор!$K$3:$OJ$3)=0,COLUMN(калькулятор!$K$3:$OJ$3)-COLUMN(калькулятор!$K$3)+1),1)),"")} | C9: =IFERROR(INDEX(калькулятор!$1:$3,1,MATCH(B9,калькулятор!$3:$3,0)),"") | D9: =IF(B9="","",IF(OR($C9="КУПК",$C9="КУПК (РП/ЗРП)"),"",VLOOKUP($B9,$B$39:$S$1353,10,0))) | E9: =IF($B9="","",IF(OR($C9="МП",$C9="РУПК"),"",VLOOKUP($B9,$B$39:$S$1353,10,0))) | F9: =IF($B9="","",IF(OR($C9="МП",$C9="РУПК"),"",VLOOKUP($B9,$B$39:$S$1353,13,0))) | G9: =IF($B9="","",IF(OR($C9="МП",$C9="РУПК"),"",VLOOKUP($B9,$B$39:$S$1353,16,0))) | H9: =IF(B9="","",SUM(D9:G9))
B10: {=IFERROR(INDEX(калькулятор!$K$3:$OJ$3,SMALL(IF(COUNTIF($B$3:B9,калькулятор!$K$3:$OJ$3)=0,COLUMN(калькулятор!$K$3:$OJ$3)-COLUMN(калькулятор!$K$3)+1),1)),"")} | C10: =IFERROR(INDEX(калькулятор!$1:$3,1,MATCH(B10,калькулятор!$3:$3,0)),"") | D10: =IF(B10="","",IF(OR($C10="КУПК",$C10="КУПК (РП/ЗРП)"),"",VLOOKUP($B10,$B$39:$S$1353,10,0))) | E10: =IF($B10="","",IF(OR($C10="МП",$C10="РУПК"),"",VLOOKUP($B10,$B$39:$S$1353,10,0))) | F10: =IF($B10="","",IF(OR($C10="МП",$C10="РУПК"),"",VLOOKUP($B10,$B$39:$S$1353,13,0))) | G10: =IF($B10="","",IF(OR($C10="МП",$C10="РУПК"),"",VLOOKUP($B10,$B$39:$S$1353,16,0))) | H10: =IF(B10="","",SUM(D10:G10))
B11: {=IFERROR(INDEX(калькулятор!$K$3:$OJ$3,SMALL(IF(COUNTIF($B$3:B10,калькулятор!$K$3:$OJ$3)=0,COLUMN(калькулятор!$K$3:$OJ$3)-COLUMN(калькулятор!$K$3)+1),1)),"")} | C11: =IFERROR(INDEX(калькулятор!$1:$3,1,MATCH(B11,калькулятор!$3:$3,0)),"") | D11: =IF(B11="","",IF(OR($C11="КУПК",$C11="КУПК (РП/ЗРП)"),"",VLOOKUP($B11,$B$39:$S$1353,10,0))) | E11: =IF($B11="","",IF(OR($C11="МП",$C11="РУПК"),"",VLOOKUP($B11,$B$39:$S$1353,10,0))) | F11: =IF($B11="","",IF(OR($C11="МП",$C11="РУПК"),"",VLOOKUP($B11,$B$39:$S$1353,13,0))) | G11: =IF($B11="","",IF(OR($C11="МП",$C11="РУПК"),"",VLOOKUP($B11,$B$39:$S$1353,16,0))) | H11: =IF(B11="","",SUM(D11:G11))
B12: {=IFERROR(INDEX(калькулятор!$K$3:$OJ$3,SMALL(IF(COUNTIF($B$3:B11,калькулятор!$K$3:$OJ$3)=0,COLUMN(калькулятор!$K$3:$OJ$3)-COLUMN(калькулятор!$K$3)+1),1)),"")} | C12: =IFERROR(INDEX(калькулятор!$1:$3,1,MATCH(B12,калькулятор!$3:$3,0)),"") | D12: =IF(B12="","",IF(OR($C12="КУПК",$C12="КУПК (РП/ЗРП)"),"",VLOOKUP($B12,$B$39:$S$1353,10,0))) | E12: =IF($B12="","",IF(OR($C12="МП",$C12="РУПК"),"",VLOOKUP($B12,$B$39:$S$1353,10,0))) | F12: =IF($B12="","",IF(OR($C12="МП",$C12="РУПК"),"",VLOOKUP($B12,$B$39:$S$1353,13,0))) | G12: =IF($B12="","",IF(OR($C12="МП",$C12="РУПК"),"",VLOOKUP($B12,$B$39:$S$1353,16,0))) | H12: =IF(B12="","",SUM(D12:G12))
B13: {=IFERROR(INDEX(калькулятор!$K$3:$OJ$3,SMALL(IF(COUNTIF($B$3:B12,калькулятор!$K$3:$OJ$3)=0,COLUMN(калькулятор!$K$3:$OJ$3)-COLUMN(калькулятор!$K$3)+1),1)),"")} | C13: =IFERROR(INDEX(калькулятор!$1:$3,1,MATCH(B13,калькулятор!$3:$3,0)),"") | D13: =IF(B13="","",IF(OR($C13="КУПК",$C13="КУПК (РП/ЗРП)"),"",VLOOKUP($B13,$B$39:$S$1353,10,0))) | E13: =IF($B13="","",IF(OR($C13="МП",$C13="РУПК"),"",VLOOKUP($B13,$B$39:$S$1353,10,0))) | F13: =IF($B13="","",IF(OR($C13="МП",$C13="РУПК"),"",VLOOKUP($B13,$B$39:$S$1353,13,0))) | G13: =IF($B13="","",IF(OR($C13="МП",$C13="РУПК"),"",VLOOKUP($B13,$B$39:$S$1353,16,0))) | H13: =IF(B13="","",SUM(D13:G13))
B14: {=IFERROR(INDEX(калькулятор!$K$3:$OJ$3,SMALL(IF(COUNTIF($B$3:B13,калькулятор!$K$3:$OJ$3)=0,COLUMN(калькулятор!$K$3:$OJ$3)-COLUMN(калькулятор!$K$3)+1),1)),"")} | C14: =IFERROR(INDEX(калькулятор!$1:$3,1,MATCH(B14,калькулятор!$3:$3,0)),"") | D14: =IF(B14="","",IF(OR($C14="КУПК",$C14="КУПК (РП/ЗРП)"),"",VLOOKUP($B14,$B$39:$S$1353,10,0))) | E14: =IF($B14="","",IF(OR($C14="МП",$C14="РУПК"),"",VLOOKUP($B14,$B$39:$S$1353,10,0))) | F14: =IF($B14="","",IF(OR($C14="МП",$C14="РУПК"),"",VLOOKUP($B14,$B$39:$S$1353,13,0))) | G14: =IF($B14="","",IF(OR($C14="МП",$C14="РУПК"),"",VLOOKUP($B14,$B$39:$S$1353,16,0))) | H14: =IF(B14="","",SUM(D14:G14))
B15: {=IFERROR(INDEX(калькулятор!$K$3:$OJ$3,SMALL(IF(COUNTIF($B$3:B14,калькулятор!$K$3:$OJ$3)=0,COLUMN(калькулятор!$K$3:$OJ$3)-COLUMN(калькулятор!$K$3)+1),1)),"")} | C15: =IFERROR(INDEX(калькулятор!$1:$3,1,MATCH(B15,калькулятор!$3:$3,0)),"") | D15: =IF(B15="","",IF(OR($C15="КУПК",$C15="КУПК (РП/ЗРП)"),"",VLOOKUP($B15,$B$39:$S$1353,10,0))) | E15: =IF($B15="","",IF(OR($C15="МП",$C15="РУПК"),"",VLOOKUP($B15,$B$39:$S$1353,10,0))) | F15: =IF($B15="","",IF(OR($C15="МП",$C15="РУПК"),"",VLOOKUP($B15,$B$39:$S$1353,13,0))) | G15: =IF($B15="","",IF(OR($C15="МП",$C15="РУПК"),"",VLOOKUP($B15,$B$39:$S$1353,16,0))) | H15: =IF(B15="","",SUM(D15:G15))
B16: {=IFERROR(INDEX(калькулятор!$K$3:$OJ$3,SMALL(IF(COUNTIF($B$3:B15,калькулятор!$K$3:$OJ$3)=0,COLUMN(калькулятор!$K$3:$OJ$3)-COLUMN(калькулятор!$K$3)+1),1)),"")} | C16: =IFERROR(INDEX(калькулятор!$1:$3,1,MATCH(B16,калькулятор!$3:$3,0)),"") | D16: =IF(B16="","",IF(OR($C16="КУПК",$C16="КУПК (РП/ЗРП)"),"",VLOOKUP($B16,$B$39:$S$1353,10,0))) | E16: =IF($B16="","",IF(OR($C16="МП",$C16="РУПК"),"",VLOOKUP($B16,$B$39:$S$1353,10,0))) | F16: =IF($B16="","",IF(OR($C16="МП",$C16="РУПК"),"",VLOOKUP($B16,$B$39:$S$1353,13,0))) | G16: =IF($B16="","",IF(OR($C16="МП",$C16="РУПК"),"",VLOOKUP($B16,$B$39:$S$1353,16,0))) | H16: =IF(B16="","",SUM(D16:G16))
B17: {=IFERROR(INDEX(калькулятор!$K$3:$OJ$3,SMALL(IF(COUNTIF($B$3:B16,калькулятор!$K$3:$OJ$3)=0,COLUMN(калькулятор!$K$3:$OJ$3)-COLUMN(калькулятор!$K$3)+1),1)),"")} | C17: =IFERROR(INDEX(калькулятор!$1:$3,1,MATCH(B17,калькулятор!$3:$3,0)),"") | D17: =IF(B17="","",IF(OR($C17="КУПК",$C17="КУПК (РП/ЗРП)"),"",VLOOKUP($B17,$B$39:$S$1353,10,0))) | E17: =IF($B17="","",IF(OR($C17="МП",$C17="РУПК"),"",VLOOKUP($B17,$B$39:$S$1353,10,0))) | F17: =IF($B17="","",IF(OR($C17="МП",$C17="РУПК"),"",VLOOKUP($B17,$B$39:$S$1353,13,0))) | G17: =IF($B17="","",IF(OR($C17="МП",$C17="РУПК"),"",VLOOKUP($B17,$B$39:$S$1353,16,0))) | H17: =IF(B17="","",SUM(D17:G17))
... B37: {=IFERROR(INDEX(калькулятор!$K$3:$OJ$3,SMALL(IF(COUNTIF($B$3:B36,калькулятор!$K$3:$OJ$3)=0,COLUMN(калькулятор!$K$3:$OJ$3)-COLUMN(калькулятор!$K$3)+1),1)),"")} | C37: =IFERROR(INDEX(калькулятор!$1:$3,1,MATCH(B37,калькулятор!$3:$3,0)),"") | D37: =IF(B37="","",IF(OR($C37="КУПК",$C37="КУПК (РП/ЗРП)"),"",VLOOKUP($B37,$B$39:$S$1353,10,0))) | E37: =IF($B37="","",IF(OR($C37="МП",$C37="РУПК"),"",VLOOKUP($B37,$B$39:$S$1353,10,0))) | F37: =IF($B37="","",IF(OR($C37="МП",$C37="РУПК"),"",VLOOKUP($B37,$B$39:$S$1353,13,0))) | G37: =IF($B37="","",IF(OR($C37="МП",$C37="РУПК"),"",VLOOKUP($B37,$B$39:$S$1353,16,0))) | H37: =IF(B37="","",SUM(D37:G37))
B39: {=INDEX($B$6:$B$37,SMALL(IF(COUNTIF($B$38:$B38,$B$6:$B$37)=0,ROW($B$6:$B$37)-ROW($B$6)+1),1))} -> Тестова Восемнадцать | C39: =INDEX(калькулятор!$1:$3,1,MATCH(B39,калькулятор!$3:$3,0)) -> РУПК | I39: ячейки с цветом | J39: заполняется СОВ | K39: =SUM(K46:K69) -> 0 | N39: =SUM(N46:N69) -> 0 | Q39: =SUM(Q46:Q69) -> 0
C40: Бонус этапа | D40: =HLOOKUP(B39,калькулятор!$3:$14,5,0) -> 3603287.7
I43: =IF(OR(C39="КУПК",C39="КУПК (РП/ЗРП)"),"1 выплата (50%)","Выплата") -> Выплата | L43: =IF(OR(C39="КУПК",C39="КУПК (РП/ЗРП)"),"2 выплата (25%)","Выплата") -> Выплата | O43: =IF(OR(C39="КУПК",C39="КУПК (РП/ЗРП)"),"3 выплата (25%)","Выплата") -> Выплата
C44: Дата начала работы сотрудника на проекте | D44: =HLOOKUP(B39,калькулятор!$3:$5,3,0) -> 45748 | I44: Индексация до даты: | K44: =D67 | L44: Индексация до даты: | N44: =D68 | O44: Индексация до даты: | Q44: =D69
B45: Веха (только вехи авансирования) | C45: Сумма бонуса | D45: Дата фактической выплаты (10 число после отчетной сессии) | E45: Подлежит индексации | F45: К выплате (накопленные суммы процентов) | I45: Ключевая ставка ЦБ за период | J45: Длительность индексации | K45: Сумма доплаты по индексации | L45: Ключевая ставка ЦБ за период | M45: Длительность индексации | N45: Сумма доплаты по индексации | O45: Ключевая ставка ЦБ за период | P45: Длительность индексации | Q45: Сумма доплаты по индексации
B46: =IF(AND(калькулятор!D$16>0,калькулятор!D$16<>"Ключевая"),калькулятор!E$16,"") -> Мотивационная веха 1 | C46: =IFERROR(VLOOKUP(B46,калькулятор!E:OJ,MATCH($B39,калькулятор!$3:$3,0)-5,0),"") -> 402367.12 | D46: =IFERROR(IF(VLOOKUP(B46,калькулятор!E:J,6,0)=0,"",VLOOKUP(B46,калькулятор!E:J,6,0)),"") -> 45877 | E46: =IF(B46="Финальная веха*",0,IF(D46="","",IF(B46="","",IFERROR(C46/67*33,"")))) -> 198180.82 | I46: 0.16 | J46: =IFERROR(K44-D46,"") | K46: =IFERROR(IF(OR(C39="КУПК",C39="КУПК (РП/ЗРП)"),E46*I46/365*J46*0.5,E46*I46/365*J46),"") | L46: =I46 -> 0.16 | M46: =IFERROR(N44-$D46,"") | N46: =IFERROR(IF(OR(C39="КУПК",C39="КУПК (РП/ЗРП)"),E46*L46/365*M46*0.25,0),"") -> 0 | O46: =I46 -> 0.16 | P46: =IFERROR(Q44-$D46,"") | Q46: =IFERROR(IF(OR(C39="КУПК",C39="КУПК (РП/ЗРП)"),E46*O46/365*P46*0.25,0),"") -> 0
B47: =IF(AND(калькулятор!D$17>0,калькулятор!D$17<>"Ключевая"),калькулятор!E$17,"") -> Мотивационная веха 2 | C47: =IFERROR(VLOOKUP(B47,калькулятор!E:OJ,MATCH($B39,калькулятор!$3:$3,0)-5,0),"") | D47: =IFERROR(IF(VLOOKUP(B47,калькулятор!E:J,6,0)=0,"",VLOOKUP(B47,калькулятор!E:J,6,0)),"") | E47: =IF(B47="Финальная веха*",0,IF(D47="","",IF(B47="","",IFERROR(C47/67*33,"")))) | I47: 0.16 | J47: =IFERROR(K44-D47,"") | K47: =IFERROR(IF(OR(C39="КУПК",C39="КУПК (РП/ЗРП)"),E47*I47/365*J47*0.5,E47*I47/365*J47),"") | L47: =I47 -> 0.16 | M47: =IFERROR(N44-$D47,"") | N47: =IFERROR(IF(OR(C39="КУПК",C39="КУПК (РП/ЗРП)"),E47*L47/365*M47*0.25,0),"") -> 0 | O47: =I47 -> 0.16 | P47: =IFERROR(Q44-$D47,"") | Q47: =IFERROR(IF(OR(C39="КУПК",C39="КУПК (РП/ЗРП)"),E47*O47/365*P47*0.25,0),"") -> 0
B48: =IF(AND(калькулятор!D$18>0,калькулятор!D$18<>"Ключевая"),калькулятор!E$18,"") -> Мотивационная веха 3 | C48: =IFERROR(VLOOKUP(B48,калькулятор!E:OJ,MATCH($B39,калькулятор!$3:$3,0)-5,0),"") -> 402367.12 | D48: =IFERROR(IF(VLOOKUP(B48,калькулятор!E:J,6,0)=0,"",VLOOKUP(B48,калькулятор!E:J,6,0)),"") -> 46063 | E48: =IF(B48="Финальная веха*",0,IF(D48="","",IF(B48="","",IFERROR(C48/67*33,"")))) -> 198180.82 | I48: 0.16 | J48: =IFERROR(K44-D48,"") | K48: =IFERROR(IF(OR(C39="КУПК",C39="КУПК (РП/ЗРП)"),E48*I48/365*J48*0.5,E48*I48/365*J48),"") | L48: =I48 -> 0.16 | M48: =IFERROR(N44-$D48,"") | N48: =IFERROR(IF(OR(C39="КУПК",C39="КУПК (РП/ЗРП)"),E48*L48/365*M48*0.25,0),"") -> 0 | O48: =I48 -> 0.16 | P48: =IFERROR(Q44-$D48,"") | Q48: =IFERROR(IF(OR(C39="КУПК",C39="КУПК (РП/ЗРП)"),E48*O48/365*P48*0.25,0),"") -> 0
B49: =IF(AND(калькулятор!D$19>0,калькулятор!D$19<>"Ключевая"),калькулятор!E$19,"") -> Мотивационная веха 4 | C49: =IFERROR(VLOOKUP(B49,калькулятор!E:OJ,MATCH($B39,калькулятор!$3:$3,0)-5,0),"") | D49: =IFERROR(IF(VLOOKUP(B49,калькулятор!E:J,6,0)=0,"",VLOOKUP(B49,калькулятор!E:J,6,0)),"") | E49: =IF(B49="Финальная веха*",0,IF(D49="","",IF(B49="","",IFERROR(C49/67*33,"")))) | I49: 0.16 | J49: =IFERROR(K44-D49,"") | K49: =IFERROR(IF(OR(C39="КУПК",C39="КУПК (РП/ЗРП)"),E49*I49/365*J49*0.5,E49*I49/365*J49),"") | L49: =I49 -> 0.16 | M49: =IFERROR(N44-$D49,"") | N49: =IFERROR(IF(OR(C39="КУПК",C39="КУПК (РП/ЗРП)"),E49*L49/365*M49*0.25,0),"") -> 0 | O49: =I49 -> 0.16 | P49: =IFERROR(Q44-$D49,"") | Q49: =IFERROR(IF(OR(C39="КУПК",C39="КУПК (РП/ЗРП)"),E49*O49/365*P49*0.25,0),"") -> 0
B50: =IF(AND(калькулятор!D$20>0,калькулятор!D$20<>"Ключевая"),калькулятор!E$20,"") -> Мотивационная веха 5 | C50: =IFERROR(VLOOKUP(B50,калькулятор!E:OJ,MATCH($B39,калькулятор!$3:$3,0)-5,0),"") | D50: =IFERROR(IF(VLOOKUP(B50,калькулятор!E:J,6,0)=0,"",VLOOKUP(B50,калькулятор!E:J,6,0)),"") | E50: =IF(B50="Финальная веха*",0,IF(D50="","",IF(B50="","",IFERROR(C50/67*33,"")))) | I50: 0.16 | J50: =IFERROR(K44-D50,"") | K50: =IFERROR(IF(OR(C39="КУПК",C39="КУПК (РП/ЗРП)"),E50*I50/365*J50*0.5,E50*I50/365*J50),"") | L50: =I50 -> 0.16 | M50: =IFERROR(N44-$D50,"") | N50: =IFERROR(IF(OR(C39="КУПК",C39="КУПК (РП/ЗРП)"),E50*L50/365*M50*0.25,0),"") -> 0 | O50: =I50 -> 0.16 | P50: =IFERROR(Q44-$D50,"") | Q50: =IFERROR(IF(OR(C39="КУПК",C39="КУПК (РП/ЗРП)"),E50*O50/365*P50*0.25,0),"") -> 0
B51: =IF(AND(калькулятор!D$21>0,калькулятор!D$21<>"Ключевая"),калькулятор!E$21,"") -> Мотивационная веха 6 | C51: =IFERROR(VLOOKUP(B51,калькулятор!E:OJ,MATCH($B39,калькулятор!$3:$3,0)-5,0),"") | D51: =IFERROR(IF(VLOOKUP(B51,калькулятор!E:J,6,0)=0,"",VLOOKUP(B51,калькулятор!E:J,6,0)),"") | E51: =IF(B51="Финальная веха*",0,IF(D51="","",IF(B51="","",IFERROR(C51/67*33,"")))) | I51: 0.16 | J51: =IFERROR(K44-D51,"") | K51: =IFERROR(IF(OR(C39="КУПК",C39="КУПК (РП/ЗРП)"),E51*I51/365*J51*0.5,E51*I51/365*J51),"") | L51: =I51 -> 0.16 | M51: =IFERROR(N44-$D51,"") | N51: =IFERROR(IF(OR(C39="КУПК",C39="КУПК (РП/ЗРП)"),E51*L51/365*M51*0.25,0),"") -> 0 | O51: =I51 -> 0.16 | P51: =IFERROR(Q44-$D51,"") | Q51: =IFERROR(IF(OR(C39="КУПК",C39="КУПК (РП/ЗРП)"),E51*O51/365*P51*0.25,0),"") -> 0
B52: =IF(AND(калькулятор!D$22>0,калькулятор!D$22<>"Ключевая"),калькулятор!E$22,"") -> 0 | C52: =IFERROR(VLOOKUP(B52,калькулятор!E:OJ,MATCH($B39,калькулятор!$3:$3,0)-5,0),"") | D52: =IFERROR(IF(VLOOKUP(B52,калькулятор!E:J,6,0)=0,"",VLOOKUP(B52,калькулятор!E:J,6,0)),"") | E52: =IF(B52="Финальная веха*",0,IF(D52="","",IF(B52="","",IFERROR(C52/67*33,"")))) | J52: =IFERROR(K44-D52,"") | K52: =IFERROR(IF(OR(C39="КУПК",C39="КУПК (РП/ЗРП)"),E52*I52/365*J52*0.5,E52*I52/365*J52),"") | L52: =I52 -> 0 | M52: =IFERROR(N44-$D52,"") | N52: =IFERROR(IF(OR(C39="КУПК",C39="КУПК (РП/ЗРП)"),E52*L52/365*M52*0.25,0),"") -> 0 | O52: =I52 -> 0 | P52: =IFERROR(Q44-$D52,"") | Q52: =IFERROR(IF(OR(C39="КУПК",C39="КУПК (РП/ЗРП)"),E52*O52/365*P52*0.25,0),"") -> 0
B53: =IF(AND(калькулятор!D$23>0,калькулятор!D$23<>"Ключевая"),калькулятор!E$23,"") -> 0 | C53: =IFERROR(VLOOKUP(B53,калькулятор!E:OJ,MATCH($B39,калькулятор!$3:$3,0)-5,0),"") | D53: =IFERROR(IF(VLOOKUP(B53,калькулятор!E:J,6,0)=0,"",VLOOKUP(B53,калькулятор!E:J,6,0)),"") | E53: =IF(B53="Финальная веха*",0,IF(D53="","",IF(B53="","",IFERROR(C53/67*33,"")))) | J53: =IFERROR(K44-D53,"") | K53: =IFERROR(IF(OR(C39="КУПК",C39="КУПК (РП/ЗРП)"),E53*I53/365*J53*0.5,E53*I53/365*J53),"") | L53: =I53 -> 0 | M53: =IFERROR(N44-$D53,"") | N53: =IFERROR(IF(OR(C39="КУПК",C39="КУПК (РП/ЗРП)"),E53*L53/365*M53*0.25,0),"") -> 0 | O53: =I53 -> 0 | P53: =IFERROR(Q44-$D53,"") | Q53: =IFERROR(IF(OR(C39="КУПК",C39="КУПК (РП/ЗРП)"),E53*O53/365*P53*0.25,0),"") -> 0
B54: =IF(AND(калькулятор!D$24>0,калькулятор!D$24<>"Ключевая"),калькулятор!E$24,"") -> 0 | C54: =IFERROR(VLOOKUP(B54,калькулятор!E:OJ,MATCH($B39,калькулятор!$3:$3,0)-5,0),"") | D54: =IFERROR(IF(VLOOKUP(B54,калькулятор!E:J,6,0)=0,"",VLOOKUP(B54,калькулятор!E:J,6,0)),"") | E54: =IF(B54="Финальная веха*",0,IF(D54="","",IF(B54="","",IFERROR(C54/67*33,"")))) | J54: =IFERROR(K44-D54,"") | K54: =IFERROR(IF(OR(C39="КУПК",C39="КУПК (РП/ЗРП)"),E54*I54/365*J54*0.5,E54*I54/365*J54),"") | L54: =I54 -> 0 | M54: =IFERROR(N44-$D54,"") | N54: =IFERROR(IF(OR(C39="КУПК",C39="КУПК (РП/ЗРП)"),E54*L54/365*M54*0.25,0),"") -> 0 | O54: =I54 -> 0 | P54: =IFERROR(Q44-$D54,"") | Q54: =IFERROR(IF(OR(C39="КУПК",C39="КУПК (РП/ЗРП)"),E54*O54/365*P54*0.25,0),"") -> 0
B55: =IF(AND(калькулятор!D$25>0,калькулятор!D$25<>"Ключевая"),калькулятор!E$25,"") -> 0 | C55: =IFERROR(VLOOKUP(B55,калькулятор!E:OJ,MATCH($B39,калькулятор!$3:$3,0)-5,0),"") | D55: =IFERROR(IF(VLOOKUP(B55,калькулятор!E:J,6,0)=0,"",VLOOKUP(B55,калькулятор!E:J,6,0)),"") | E55: =IF(B55="Финальная веха*",0,IF(D55="","",IF(B55="","",IFERROR(C55/67*33,"")))) | J55: =IFERROR(K44-D55,"") | K55: =IFERROR(IF(OR(C39="КУПК",C39="КУПК (РП/ЗРП)"),E55*I55/365*J55*0.5,E55*I55/365*J55),"") | L55: =I55 -> 0 | M55: =IFERROR(N44-$D55,"") | N55: =IFERROR(IF(OR(C39="КУПК",C39="КУПК (РП/ЗРП)"),E55*L55/365*M55*0.25,0),"") -> 0 | O55: =I55 -> 0 | P55: =IFERROR(Q44-$D55,"") | Q55: =IFERROR(IF(OR(C39="КУПК",C39="КУПК (РП/ЗРП)"),E55*O55/365*P55*0.25,0),"") -> 0
B56: =IF(AND(калькулятор!D$26>0,калькулятор!D$26<>"Ключевая"),калькулятор!E$26,"") -> 0 | C56: =IFERROR(VLOOKUP(B56,калькулятор!E:OJ,MATCH($B39,калькулятор!$3:$3,0)-5,0),"") | D56: =IFERROR(IF(VLOOKUP(B56,калькулятор!E:J,6,0)=0,"",VLOOKUP(B56,калькулятор!E:J,6,0)),"") | E56: =IF(B56="Финальная веха*",0,IF(D56="","",IF(B56="","",IFERROR(C56/67*33,"")))) | J56: =IFERROR(K44-D56,"") | K56: =IFERROR(IF(OR(C39="КУПК",C39="КУПК (РП/ЗРП)"),E56*I56/365*J56*0.5,E56*I56/365*J56),"") | L56: =I56 -> 0 | M56: =IFERROR(N44-$D56,"") | N56: =IFERROR(IF(OR(C39="КУПК",C39="КУПК (РП/ЗРП)"),E56*L56/365*M56*0.25,0),"") -> 0 | O56: =I56 -> 0 | P56: =IFERROR(Q44-$D56,"") | Q56: =IFERROR(IF(OR(C39="КУПК",C39="КУПК (РП/ЗРП)"),E56*O56/365*P56*0.25,0),"") -> 0
B57: =IF(AND(калькулятор!D$27>0,калькулятор!D$27<>"Ключевая"),калькулятор!E$27,"") -> 0 | C57: =IFERROR(VLOOKUP(B57,калькулятор!E:OJ,MATCH($B39,калькулятор!$3:$3,0)-5,0),"") | D57: =IFERROR(IF(VLOOKUP(B57,калькулятор!E:J,6,0)=0,"",VLOOKUP(B57,калькулятор!E:J,6,0)),"") | E57: =IF(B57="Финальная веха*",0,IF(D57="","",IF(B57="","",IFERROR(C57/67*33,"")))) | J57: =IFERROR(K44-D57,"") | K57: =IFERROR(IF(OR(C39="КУПК",C39="КУПК (РП/ЗРП)"),E57*I57/365*J57*0.5,E57*I57/365*J57),"") | L57: =I57 -> 0 | M57: =IFERROR(N44-$D57,"") | N57: =IFERROR(IF(OR(C39="КУПК",C39="КУПК (РП/ЗРП)"),E57*L57/365*M57*0.25,0),"") -> 0 | O57: =I57 -> 0 | P57: =IFERROR(Q44-$D57,"") | Q57: =IFERROR(IF(OR(C39="КУПК",C39="КУПК (РП/ЗРП)"),E57*O57/365*P57*0.25,0),"") -> 0
B58: =IF(AND(калькулятор!D$28>0,калькулятор!D$28<>"Ключевая"),калькулятор!E$28,"") -> 0 | C58: =IFERROR(VLOOKUP(B58,калькулятор!E:OJ,MATCH($B39,калькулятор!$3:$3,0)-5,0),"") | D58: =IFERROR(IF(VLOOKUP(B58,калькулятор!E:J,6,0)=0,"",VLOOKUP(B58,калькулятор!E:J,6,0)),"") | E58: =IF(B58="Финальная веха*",0,IF(D58="","",IF(B58="","",IFERROR(C58/67*33,"")))) | J58: =IFERROR(K44-D58,"") | K58: =IFERROR(IF(OR(C39="КУПК",C39="КУПК (РП/ЗРП)"),E58*I58/365*J58*0.5,E58*I58/365*J58),"") | L58: =I58 -> 0 | M58: =IFERROR(N44-$D58,"") | N58: =IFERROR(IF(OR(C39="КУПК",C39="КУПК (РП/ЗРП)"),E58*L58/365*M58*0.25,0),"") -> 0 | O58: =I58 -> 0 | P58: =IFERROR(Q44-$D58,"") | Q58: =IFERROR(IF(OR(C39="КУПК",C39="КУПК (РП/ЗРП)"),E58*O58/365*P58*0.25,0),"") -> 0
B59: =IF(AND(калькулятор!D$29>0,калькулятор!D$29<>"Ключевая"),калькулятор!E$29,"") -> 0 | C59: =IFERROR(VLOOKUP(B59,калькулятор!E:OJ,MATCH($B39,калькулятор!$3:$3,0)-5,0),"") | D59: =IFERROR(IF(VLOOKUP(B59,калькулятор!E:J,6,0)=0,"",VLOOKUP(B59,калькулятор!E:J,6,0)),"") | E59: =IF(B59="Финальная веха*",0,IF(D59="","",IF(B59="","",IFERROR(C59/67*33,"")))) | J59: =IFERROR(K44-D59,"") | K59: =IFERROR(IF(OR(C39="КУПК",C39="КУПК (РП/ЗРП)"),E59*I59/365*J59*0.5,E59*I59/365*J59),"") | L59: =I59 -> 0 | M59: =IFERROR(N44-$D59,"") | N59: =IFERROR(IF(OR(C39="КУПК",C39="КУПК (РП/ЗРП)"),E59*L59/365*M59*0.25,0),"") -> 0 | O59: =I59 -> 0 | P59: =IFERROR(Q44-$D59,"") | Q59: =IFERROR(IF(OR(C39="КУПК",C39="КУПК (РП/ЗРП)"),E59*O59/365*P59*0.25,0),"") -> 0
B60: =IF(AND(калькулятор!D$30>0,калькулятор!D$30<>"Ключевая"),калькулятор!E$30,"") -> 0 | C60: =IFERROR(VLOOKUP(B60,калькулятор!E:OJ,MATCH($B39,калькулятор!$3:$3,0)-5,0),"") | D60: =IFERROR(IF(VLOOKUP(B60,калькулятор!E:J,6,0)=0,"",VLOOKUP(B60,калькулятор!E:J,6,0)),"") | E60: =IF(B60="Финальная веха*",0,IF(D60="","",IF(B60="","",IFERROR(C60/67*33,"")))) | J60: =IFERROR(K44-D60,"") | K60: =IFERROR(IF(OR(C39="КУПК",C39="КУПК (РП/ЗРП)"),E60*I60/365*J60*0.5,E60*I60/365*J60),"") | L60: =I60 -> 0 | M60: =IFERROR(N44-$D60,"") | N60: =IFERROR(IF(OR(C39="КУПК",C39="КУПК (РП/ЗРП)"),E60*L60/365*M60*0.25,0),"") -> 0 | O60: =I60 -> 0 | P60: =IFERROR(Q44-$D60,"") | Q60: =IFERROR(IF(OR(C39="КУПК",C39="КУПК (РП/ЗРП)"),E60*O60/365*P60*0.25,0),"") -> 0
B61: =IF(AND(калькулятор!D$31>0,калькулятор!D$31<>"Ключевая"),калькулятор!E$31,"") -> 0 | C61: =IFERROR(VLOOKUP(B61,калькулятор!E:OJ,MATCH($B39,калькулятор!$3:$3,0)-5,0),"") | D61: =IFERROR(IF(VLOOKUP(B61,калькулятор!E:J,6,0)=0,"",VLOOKUP(B61,калькулятор!E:J,6,0)),"") | E61: =IF(B61="Финальная веха*",0,IF(D61="","",IF(B61="","",IFERROR(C61/67*33,"")))) | J61: =IFERROR(K44-D61,"") | K61: =IFERROR(IF(OR(C39="КУПК",C39="КУПК (РП/ЗРП)"),E61*I61/365*J61*0.5,E61*I61/365*J61),"") | L61: =I61 -> 0 | M61: =IFERROR(N44-$D61,"") | N61: =IFERROR(IF(OR(C39="КУПК",C39="КУПК (РП/ЗРП)"),E61*L61/365*M61*0.25,0),"") -> 0 | O61: =I61 -> 0 | P61: =IFERROR(Q44-$D61,"") | Q61: =IFERROR(IF(OR(C39="КУПК",C39="КУПК (РП/ЗРП)"),E61*O61/365*P61*0.25,0),"") -> 0
B62: =IF(AND(калькулятор!D$32>0,калькулятор!D$32<>"Ключевая"),калькулятор!E$32,"") -> 0 | C62: =IFERROR(VLOOKUP(B62,калькулятор!E:OJ,MATCH($B39,калькулятор!$3:$3,0)-5,0),"") | D62: =IFERROR(IF(VLOOKUP(B62,калькулятор!E:J,6,0)=0,"",VLOOKUP(B62,калькулятор!E:J,6,0)),"") | E62: =IF(B62="Финальная веха*",0,IF(D62="","",IF(B62="","",IFERROR(C62/67*33,"")))) | J62: =IFERROR(K44-D62,"") | K62: =IFERROR(IF(OR(C39="КУПК",C39="КУПК (РП/ЗРП)"),E62*I62/365*J62*0.5,E62*I62/365*J62),"") | L62: =I62 -> 0 | M62: =IFERROR(N44-$D62,"") | N62: =IFERROR(IF(OR(C39="КУПК",C39="КУПК (РП/ЗРП)"),E62*L62/365*M62*0.25,0),"") -> 0 | O62: =I62 -> 0 | P62: =IFERROR(Q44-$D62,"") | Q62: =IFERROR(IF(OR(C39="КУПК",C39="КУПК (РП/ЗРП)"),E62*O62/365*P62*0.25,0),"") -> 0
B63: =IF(AND(калькулятор!D$33>0,калькулятор!D$33<>"Ключевая"),калькулятор!E$33,"") -> 0 | C63: =IFERROR(VLOOKUP(B63,калькулятор!E:OJ,MATCH($B39,калькулятор!$3:$3,0)-5,0),"") | D63: =IFERROR(IF(VLOOKUP(B63,калькулятор!E:J,6,0)=0,"",VLOOKUP(B63,калькулятор!E:J,6,0)),"") | E63: =IF(B63="Финальная веха*",0,IF(D63="","",IF(B63="","",IFERROR(C63/67*33,"")))) | J63: =IFERROR(K44-D63,"") | K63: =IFERROR(IF(OR(C39="КУПК",C39="КУПК (РП/ЗРП)"),E63*I63/365*J63*0.5,E63*I63/365*J63),"") | L63: =I63 -> 0 | M63: =IFERROR(N44-$D63,"") | N63: =IFERROR(IF(OR(C39="КУПК",C39="КУПК (РП/ЗРП)"),E63*L63/365*M63*0.25,0),"") -> 0 | O63: =I63 -> 0 | P63: =IFERROR(Q44-$D63,"") | Q63: =IFERROR(IF(OR(C39="КУПК",C39="КУПК (РП/ЗРП)"),E63*O63/365*P63*0.25,0),"") -> 0
B64: =IF(AND(калькулятор!D$34>0,калькулятор!D$34<>"Ключевая"),калькулятор!E$34,"") -> 0 | C64: =IFERROR(VLOOKUP(B64,калькулятор!E:OJ,MATCH($B39,калькулятор!$3:$3,0)-5,0),"") | D64: =IFERROR(IF(VLOOKUP(B64,калькулятор!E:J,6,0)=0,"",VLOOKUP(B64,калькулятор!E:J,6,0)),"") | E64: =IF(B64="Финальная веха*",0,IF(D64="","",IF(B64="","",IFERROR(C64/67*33,"")))) | J64: =IFERROR(K44-D64,"") | K64: =IFERROR(IF(OR(C39="КУПК",C39="КУПК (РП/ЗРП)"),E64*I64/365*J64*0.5,E64*I64/365*J64),"") | L64: =I64 -> 0 | M64: =IFERROR(N44-$D64,"") | N64: =IFERROR(IF(OR(C39="КУПК",C39="КУПК (РП/ЗРП)"),E64*L64/365*M64*0.25,0),"") -> 0 | O64: =I64 -> 0 | P64: =IFERROR(Q44-$D64,"") | Q64: =IFERROR(IF(OR(C39="КУПК",C39="КУПК (РП/ЗРП)"),E64*O64/365*P64*0.25,0),"") -> 0
B65: =IF(AND(калькулятор!D$35>0,калькулятор!D$35<>"Ключевая"),калькулятор!E$35,"") -> 0 | C65: =IFERROR(VLOOKUP(B65,калькулятор!E:OJ,MATCH($B39,калькулятор!$3:$3,0)-5,0),"") | D65: =IFERROR(IF(VLOOKUP(B65,калькулятор!E:J,6,0)=0,"",VLOOKUP(B65,калькулятор!E:J,6,0)),"") | E65: =IF(B65="Финальная веха*",0,IF(D65="","",IF(B65="","",IFERROR(C65/67*33,"")))) | J65: =IFERROR(K44-D65,"") | K65: =IFERROR(IF(OR(C39="КУПК",C39="КУПК (РП/ЗРП)"),E65*I65/365*J65*0.5,E65*I65/365*J65),"") | L65: =I65 -> 0 | M65: =IFERROR(N44-$D65,"") | N65: =IFERROR(IF(OR(C39="КУПК",C39="КУПК (РП/ЗРП)"),E65*L65/365*M65*0.25,0),"") -> 0 | O65: =I65 -> 0 | P65: =IFERROR(Q44-$D65,"") | Q65: =IFERROR(IF(OR(C39="КУПК",C39="КУПК (РП/ЗРП)"),E65*O65/365*P65*0.25,0),"") -> 0
B66: {=INDEX(калькулятор!$E$16:$E$305,MATCH(TRUE(),COUNTIF('проценты на отложенную часть'!B46:B65,калькулятор!$E$16:$E$305)=0,0))} -> Ключевая веха этапа | C66: =IFERROR(VLOOKUP(B66,калькулятор!E:OJ,MATCH(B39,калькулятор!$3:$3,0)-5,0),"")
B67: ="Финальная веха*" -> Финальная веха* | C67: =IF(OR(C39="КУПК",C39="КУПК (РП/ЗРП)"),C66*50%,C66) | D67: =IFERROR(IF(VLOOKUP(B67,калькулятор!E:J,6,0)=0,"",VLOOKUP(B67,калькулятор!E:J,6,0)),"") | E67: =IF(B67="Финальная веха*",0,IF(D67="","",IF(B67="","",IFERROR(C67/67*33,"")))) -> 0 | J67: =IFERROR(K44-D67,"") | K67: =IFERROR(IF(OR(C39="КУПК",C39="КУПК (РП/ЗРП)"),E67*I67/365*J67*0.5,E67*I67/365*J67),"")
B68: =IF(OR(C39="КУПК",C39="КУПК (РП/ЗРП)"),"Финальная веха (25% ПБ)*","") | C68: =IF(OR(C39="КУПК",C39="КУПК (РП/ЗРП)"),C66*25%,"") | D68: =IFERROR(IF(VLOOKUP(B68,калькулятор!E:J,6,0)=0,"",VLOOKUP(B68,калькулятор!E:J,6,0)),"") | E68: =C68 | M68: =IF(OR(C39="КУПК",C39="КУПК (РП/ЗРП)"),IF(D67="","",D68-D67),"") | N68: =IFERROR(IF(D68="","",IF(OR(C39="КУПК",C39="КУПК (РП/ЗРП)"),E68*L68/365*M68,0)),"")
B69: =IF(OR(C39="КУПК",C39="КУПК (РП/ЗРП)"),"Финальная веха (25% ПБ) 2 часть*","") | C69: =IF(OR(C39="КУПК",C39="КУПК (РП/ЗРП)"),C66*25%,"") | D69: =IFERROR(IF(VLOOKUP(B69,калькулятор!E:J,6,0)=0,"",VLOOKUP(B69,калькулятор!E:J,6,0)),"") | E69: =C69 | P69: =IF(OR(C39="КУПК",C39="КУПК (РП/ЗРП)"),IF(D67="","",D69-D67),"") | Q69: =IFERROR(IF(D69="","",IF(OR(C39="КУПК",C39="КУПК (РП/ЗРП)"),E69*O69/365*P69,0)),"")
B73: {=INDEX($B$6:$B$37,SMALL(IF(COUNTIF($B$38:$B72,$B$6:$B$37)=0,ROW($B$6:$B$37)-ROW($B$6)+1),1))} -> #VALUE! | C73: =INDEX(калькулятор!$1:$3,1,MATCH(B73,калькулятор!$3:$3,0)) -> #VALUE! | I73: ячейки с цветом | J73: заполняется СОВ | K73: =SUM(K80:K103) -> 0 | N73: =SUM(N80:N103) -> 0 | Q73: =SUM(Q80:Q103) -> 0
C74: Бонус этапа | D74: =HLOOKUP(B73,калькулятор!$3:$14,5,0) -> #VALUE!
I77: =IF(OR(C73="КУПК",C73="КУПК (РП/ЗРП)"),"1 выплата (50%)","Выплата") -> #VALUE! | L77: =IF(OR(C73="КУПК",C73="КУПК (РП/ЗРП)"),"2 выплата (25%)","Выплата") -> #VALUE! | O77: =IF(OR(C73="КУПК",C73="КУПК (РП/ЗРП)"),"3 выплата (25%)","Выплата") -> #VALUE!
C78: Дата начала работы сотрудника на проекте | D78: =HLOOKUP(B73,калькулятор!$3:$5,3,0) -> #VALUE! | I78: Индексация до даты: | K78: =D101 | L78: Индексация до даты: | N78: =D102 | O78: Индексация до даты: | Q78: =D103
B79: Веха (только вехи авансирования) | C79: Сумма бонуса | D79: Дата фактической выплаты (10 число после отчетной сессии) | E79: Подлежит индексации | F79: К выплате (накопленные суммы процентов) | I79: Ключевая ставка ЦБ за период | J79: Длительность индексации | K79: Сумма доплаты по индексации | L79: Ключевая ставка ЦБ за период | M79: Длительность индексации | N79: Сумма доплаты по индексации | O79: Ключевая ставка ЦБ за период | P79: Длительность индексации | Q79: Сумма доплаты по индексации
B80: =IF(AND(калькулятор!D$16>0,калькулятор!D$16<>"Ключевая"),калькулятор!E$16,"") -> Мотивационная веха 1 | C80: =IFERROR(VLOOKUP(B80,калькулятор!E:OJ,MATCH($B73,калькулятор!$3:$3,0)-5,0),"") | D80: =IFERROR(IF(VLOOKUP(B80,калькулятор!E:J,6,0)=0,"",VLOOKUP(B80,калькулятор!E:J,6,0)),"") -> 45877 | E80: =IF(B80="Финальная веха*",0,IF(D80="","",IF(B80="","",IFERROR(C80/67*33,"")))) | J80: =IFERROR(K78-D80,"") | K80: =IFERROR(IF(OR(C73="КУПК",C73="КУПК (РП/ЗРП)"),E80*I80/365*J80*0.5,E80*I80/365*J80),"") | L80: =I80 -> 0 | M80: =IFERROR(N78-$D80,"") | N80: =IFERROR(IF(OR(C73="КУПК",C73="КУПК (РП/ЗРП)"),E80*L80/365*M80*0.25,0),"") | O80: =I80 -> 0 | P80: =IFERROR(Q78-$D80,"") | Q80: =IFERROR(IF(OR(C73="КУПК",C73="КУПК (РП/ЗРП)"),E80*O80/365*P80*0.25,0),"")
B81: =IF(AND(калькулятор!D$17>0,калькулятор!D$17<>"Ключевая"),калькулятор!E$17,"") -> Мотивационная веха 2 | C81: =IFERROR(VLOOKUP(B81,калькулятор!E:OJ,MATCH($B73,калькулятор!$3:$3,0)-5,0),"") | D81: =IFERROR(IF(VLOOKUP(B81,калькулятор!E:J,6,0)=0,"",VLOOKUP(B81,калькулятор!E:J,6,0)),"") | E81: =IF(B81="Финальная веха*",0,IF(D81="","",IF(B81="","",IFERROR(C81/67*33,"")))) | J81: =IFERROR(K78-D81,"") | K81: =IFERROR(IF(OR(C73="КУПК",C73="КУПК (РП/ЗРП)"),E81*I81/365*J81*0.5,E81*I81/365*J81),"") | L81: =I81 -> 0 | M81: =IFERROR(N78-$D81,"") | N81: =IFERROR(IF(OR(C73="КУПК",C73="КУПК (РП/ЗРП)"),E81*L81/365*M81*0.25,0),"") | O81: =I81 -> 0 | P81: =IFERROR(Q78-$D81,"") | Q81: =IFERROR(IF(OR(C73="КУПК",C73="КУПК (РП/ЗРП)"),E81*O81/365*P81*0.25,0),"")
B82: =IF(AND(калькулятор!D$18>0,калькулятор!D$18<>"Ключевая"),калькулятор!E$18,"") -> Мотивационная веха 3 | C82: =IFERROR(VLOOKUP(B82,калькулятор!E:OJ,MATCH($B73,калькулятор!$3:$3,0)-5,0),"") | D82: =IFERROR(IF(VLOOKUP(B82,калькулятор!E:J,6,0)=0,"",VLOOKUP(B82,калькулятор!E:J,6,0)),"") -> 46063 | E82: =IF(B82="Финальная веха*",0,IF(D82="","",IF(B82="","",IFERROR(C82/67*33,"")))) | J82: =IFERROR(K78-D82,"") | K82: =IFERROR(IF(OR(C73="КУПК",C73="КУПК (РП/ЗРП)"),E82*I82/365*J82*0.5,E82*I82/365*J82),"") | L82: =I82 -> 0 | M82: =IFERROR(N78-$D82,"") | N82: =IFERROR(IF(OR(C73="КУПК",C73="КУПК (РП/ЗРП)"),E82*L82/365*M82*0.25,0),"") | O82: =I82 -> 0 | P82: =IFERROR(Q78-$D82,"") | Q82: =IFERROR(IF(OR(C73="КУПК",C73="КУПК (РП/ЗРП)"),E82*O82/365*P82*0.25,0),"")
B83: =IF(AND(калькулятор!D$19>0,калькулятор!D$19<>"Ключевая"),калькулятор!E$19,"") -> Мотивационная веха 4 | C83: =IFERROR(VLOOKUP(B83,калькулятор!E:OJ,MATCH($B73,калькулятор!$3:$3,0)-5,0),"") | D83: =IFERROR(IF(VLOOKUP(B83,калькулятор!E:J,6,0)=0,"",VLOOKUP(B83,калькулятор!E:J,6,0)),"") | E83: =IF(B83="Финальная веха*",0,IF(D83="","",IF(B83="","",IFERROR(C83/67*33,"")))) | J83: =IFERROR(K78-D83,"") | K83: =IFERROR(IF(OR(C73="КУПК",C73="КУПК (РП/ЗРП)"),E83*I83/365*J83*0.5,E83*I83/365*J83),"") | L83: =I83 -> 0 | M83: =IFERROR(N78-$D83,"") | N83: =IFERROR(IF(OR(C73="КУПК",C73="КУПК (РП/ЗРП)"),E83*L83/365*M83*0.25,0),"") | O83: =I83 -> 0 | P83: =IFERROR(Q78-$D83,"") | Q83: =IFERROR(IF(OR(C73="КУПК",C73="КУПК (РП/ЗРП)"),E83*O83/365*P83*0.25,0),"")
B84: =IF(AND(калькулятор!D$20>0,калькулятор!D$20<>"Ключевая"),калькулятор!E$20,"") -> Мотивационная веха 5 | C84: =IFERROR(VLOOKUP(B84,калькулятор!E:OJ,MATCH($B73,калькулятор!$3:$3,0)-5,0),"") | D84: =IFERROR(IF(VLOOKUP(B84,калькулятор!E:J,6,0)=0,"",VLOOKUP(B84,калькулятор!E:J,6,0)),"") | E84: =IF(B84="Финальная веха*",0,IF(D84="","",IF(B84="","",IFERROR(C84/67*33,"")))) | J84: =IFERROR(K78-D84,"") | K84: =IFERROR(IF(OR(C73="КУПК",C73="КУПК (РП/ЗРП)"),E84*I84/365*J84*0.5,E84*I84/365*J84),"") | L84: =I84 -> 0 | M84: =IFERROR(N78-$D84,"") | N84: =IFERROR(IF(OR(C73="КУПК",C73="КУПК (РП/ЗРП)"),E84*L84/365*M84*0.25,0),"") | O84: =I84 -> 0 | P84: =IFERROR(Q78-$D84,"") | Q84: =IFERROR(IF(OR(C73="КУПК",C73="КУПК (РП/ЗРП)"),E84*O84/365*P84*0.25,0),"")
B85: =IF(AND(калькулятор!D$21>0,калькулятор!D$21<>"Ключевая"),калькулятор!E$21,"") -> Мотивационная веха 6 | C85: =IFERROR(VLOOKUP(B85,калькулятор!E:OJ,MATCH($B73,калькулятор!$3:$3,0)-5,0),"") | D85: =IFERROR(IF(VLOOKUP(B85,калькулятор!E:J,6,0)=0,"",VLOOKUP(B85,калькулятор!E:J,6,0)),"") | E85: =IF(B85="Финальная веха*",0,IF(D85="","",IF(B85="","",IFERROR(C85/67*33,"")))) | J85: =IFERROR(K78-D85,"") | K85: =IFERROR(IF(OR(C73="КУПК",C73="КУПК (РП/ЗРП)"),E85*I85/365*J85*0.5,E85*I85/365*J85),"") | L85: =I85 -> 0 | M85: =IFERROR(N78-$D85,"") | N85: =IFERROR(IF(OR(C73="КУПК",C73="КУПК (РП/ЗРП)"),E85*L85/365*M85*0.25,0),"") | O85: =I85 -> 0 | P85: =IFERROR(Q78-$D85,"") | Q85: =IFERROR(IF(OR(C73="КУПК",C73="КУПК (РП/ЗРП)"),E85*O85/365*P85*0.25,0),"")
B86: =IF(AND(калькулятор!D$22>0,калькулятор!D$22<>"Ключевая"),калькулятор!E$22,"") -> 0 | C86: =IFERROR(VLOOKUP(B86,калькулятор!E:OJ,MATCH($B73,калькулятор!$3:$3,0)-5,0),"") | D86: =IFERROR(IF(VLOOKUP(B86,калькулятор!E:J,6,0)=0,"",VLOOKUP(B86,калькулятор!E:J,6,0)),"") | E86: =IF(B86="Финальная веха*",0,IF(D86="","",IF(B86="","",IFERROR(C86/67*33,"")))) | J86: =IFERROR(K78-D86,"") | K86: =IFERROR(IF(OR(C73="КУПК",C73="КУПК (РП/ЗРП)"),E86*I86/365*J86*0.5,E86*I86/365*J86),"") | L86: =I86 -> 0 | M86: =IFERROR(N78-$D86,"") | N86: =IFERROR(IF(OR(C73="КУПК",C73="КУПК (РП/ЗРП)"),E86*L86/365*M86*0.25,0),"") | O86: =I86 -> 0 | P86: =IFERROR(Q78-$D86,"") | Q86: =IFERROR(IF(OR(C73="КУПК",C73="КУПК (РП/ЗРП)"),E86*O86/365*P86*0.25,0),"")
B87: =IF(AND(калькулятор!D$23>0,калькулятор!D$23<>"Ключевая"),калькулятор!E$23,"") -> 0 | C87: =IFERROR(VLOOKUP(B87,калькулятор!E:OJ,MATCH($B73,калькулятор!$3:$3,0)-5,0),"") | D87: =IFERROR(IF(VLOOKUP(B87,калькулятор!E:J,6,0)=0,"",VLOOKUP(B87,калькулятор!E:J,6,0)),"") | E87: =IF(B87="Финальная веха*",0,IF(D87="","",IF(B87="","",IFERROR(C87/67*33,"")))) | J87: =IFERROR(K78-D87,"") | K87: =IFERROR(IF(OR(C73="КУПК",C73="КУПК (РП/ЗРП)"),E87*I87/365*J87*0.5,E87*I87/365*J87),"") | L87: =I87 -> 0 | M87: =IFERROR(N78-$D87,"") | N87: =IFERROR(IF(OR(C73="КУПК",C73="КУПК (РП/ЗРП)"),E87*L87/365*M87*0.25,0),"") | O87: =I87 -> 0 | P87: =IFERROR(Q78-$D87,"") | Q87: =IFERROR(IF(OR(C73="КУПК",C73="КУПК (РП/ЗРП)"),E87*O87/365*P87*0.25,0),"")
B88: =IF(AND(калькулятор!D$24>0,калькулятор!D$24<>"Ключевая"),калькулятор!E$24,"") -> 0 | C88: =IFERROR(VLOOKUP(B88,калькулятор!E:OJ,MATCH($B73,калькулятор!$3:$3,0)-5,0),"") | D88: =IFERROR(IF(VLOOKUP(B88,калькулятор!E:J,6,0)=0,"",VLOOKUP(B88,калькулятор!E:J,6,0)),"") | E88: =IF(B88="Финальная веха*",0,IF(D88="","",IF(B88="","",IFERROR(C88/67*33,"")))) | J88: =IFERROR(K78-D88,"") | K88: =IFERROR(IF(OR(C73="КУПК",C73="КУПК (РП/ЗРП)"),E88*I88/365*J88*0.5,E88*I88/365*J88),"") | L88: =I88 -> 0 | M88: =IFERROR(N78-$D88,"") | N88: =IFERROR(IF(OR(C73="КУПК",C73="КУПК (РП/ЗРП)"),E88*L88/365*M88*0.25,0),"") | O88: =I88 -> 0 | P88: =IFERROR(Q78-$D88,"") | Q88: =IFERROR(IF(OR(C73="КУПК",C73="КУПК (РП/ЗРП)"),E88*O88/365*P88*0.25,0),"")
B89: =IF(AND(калькулятор!D$25>0,калькулятор!D$25<>"Ключевая"),калькулятор!E$25,"") -> 0 | C89: =IFERROR(VLOOKUP(B89,калькулятор!E:OJ,MATCH($B73,калькулятор!$3:$3,0)-5,0),"") | D89: =IFERROR(IF(VLOOKUP(B89,калькулятор!E:J,6,0)=0,"",VLOOKUP(B89,калькулятор!E:J,6,0)),"") | E89: =IF(B89="Финальная веха*",0,IF(D89="","",IF(B89="","",IFERROR(C89/67*33,"")))) | J89: =IFERROR(K78-D89,"") | K89: =IFERROR(IF(OR(C73="КУПК",C73="КУПК (РП/ЗРП)"),E89*I89/365*J89*0.5,E89*I89/365*J89),"") | L89: =I89 -> 0 | M89: =IFERROR(N78-$D89,"") | N89: =IFERROR(IF(OR(C73="КУПК",C73="КУПК (РП/ЗРП)"),E89*L89/365*M89*0.25,0),"") | O89: =I89 -> 0 | P89: =IFERROR(Q78-$D89,"") | Q89: =IFERROR(IF(OR(C73="КУПК",C73="КУПК (РП/ЗРП)"),E89*O89/365*P89*0.25,0),"")
B90: =IF(AND(калькулятор!D$26>0,калькулятор!D$26<>"Ключевая"),калькулятор!E$26,"") -> 0 | C90: =IFERROR(VLOOKUP(B90,калькулятор!E:OJ,MATCH($B73,калькулятор!$3:$3,0)-5,0),"") | D90: =IFERROR(IF(VLOOKUP(B90,калькулятор!E:J,6,0)=0,"",VLOOKUP(B90,калькулятор!E:J,6,0)),"") | E90: =IF(B90="Финальная веха*",0,IF(D90="","",IF(B90="","",IFERROR(C90/67*33,"")))) | J90: =IFERROR(K78-D90,"") | K90: =IFERROR(IF(OR(C73="КУПК",C73="КУПК (РП/ЗРП)"),E90*I90/365*J90*0.5,E90*I90/365*J90),"") | L90: =I90 -> 0 | M90: =IFERROR(N78-$D90,"") | N90: =IFERROR(IF(OR(C73="КУПК",C73="КУПК (РП/ЗРП)"),E90*L90/365*M90*0.25,0),"") | O90: =I90 -> 0 | P90: =IFERROR(Q78-$D90,"") | Q90: =IFERROR(IF(OR(C73="КУПК",C73="КУПК (РП/ЗРП)"),E90*O90/365*P90*0.25,0),"")
B91: =IF(AND(калькулятор!D$27>0,калькулятор!D$27<>"Ключевая"),калькулятор!E$27,"") -> 0 | C91: =IFERROR(VLOOKUP(B91,калькулятор!E:OJ,MATCH($B73,калькулятор!$3:$3,0)-5,0),"") | D91: =IFERROR(IF(VLOOKUP(B91,калькулятор!E:J,6,0)=0,"",VLOOKUP(B91,калькулятор!E:J,6,0)),"") | E91: =IF(B91="Финальная веха*",0,IF(D91="","",IF(B91="","",IFERROR(C91/67*33,"")))) | J91: =IFERROR(K78-D91,"") | K91: =IFERROR(IF(OR(C73="КУПК",C73="КУПК (РП/ЗРП)"),E91*I91/365*J91*0.5,E91*I91/365*J91),"") | L91: =I91 -> 0 | M91: =IFERROR(N78-$D91,"") | N91: =IFERROR(IF(OR(C73="КУПК",C73="КУПК (РП/ЗРП)"),E91*L91/365*M91*0.25,0),"") | O91: =I91 -> 0 | P91: =IFERROR(Q78-$D91,"") | Q91: =IFERROR(IF(OR(C73="КУПК",C73="КУПК (РП/ЗРП)"),E91*O91/365*P91*0.25,0),"")
B92: =IF(AND(калькулятор!D$28>0,калькулятор!D$28<>"Ключевая"),калькулятор!E$28,"") -> 0 | C92: =IFERROR(VLOOKUP(B92,калькулятор!E:OJ,MATCH($B73,калькулятор!$3:$3,0)-5,0),"") | D92: =IFERROR(IF(VLOOKUP(B92,калькулятор!E:J,6,0)=0,"",VLOOKUP(B92,калькулятор!E:J,6,0)),"") | E92: =IF(B92="Финальная веха*",0,IF(D92="","",IF(B92="","",IFERROR(C92/67*33,"")))) | J92: =IFERROR(K78-D92,"") | K92: =IFERROR(IF(OR(C73="КУПК",C73="КУПК (РП/ЗРП)"),E92*I92/365*J92*0.5,E92*I92/365*J92),"") | L92: =I92 -> 0 | M92: =IFERROR(N78-$D92,"") | N92: =IFERROR(IF(OR(C73="КУПК",C73="КУПК (РП/ЗРП)"),E92*L92/365*M92*0.25,0),"") | O92: =I92 -> 0 | P92: =IFERROR(Q78-$D92,"") | Q92: =IFERROR(IF(OR(C73="КУПК",C73="КУПК (РП/ЗРП)"),E92*O92/365*P92*0.25,0),"")
B93: =IF(AND(калькулятор!D$29>0,калькулятор!D$29<>"Ключевая"),калькулятор!E$29,"") -> 0 | C93: =IFERROR(VLOOKUP(B93,калькулятор!E:OJ,MATCH($B73,калькулятор!$3:$3,0)-5,0),"") | D93: =IFERROR(IF(VLOOKUP(B93,калькулятор!E:J,6,0)=0,"",VLOOKUP(B93,калькулятор!E:J,6,0)),"") | E93: =IF(B93="Финальная веха*",0,IF(D93="","",IF(B93="","",IFERROR(C93/67*33,"")))) | J93: =IFERROR(K78-D93,"") | K93: =IFERROR(IF(OR(C73="КУПК",C73="КУПК (РП/ЗРП)"),E93*I93/365*J93*0.5,E93*I93/365*J93),"") | L93: =I93 -> 0 | M93: =IFERROR(N78-$D93,"") | N93: =IFERROR(IF(OR(C73="КУПК",C73="КУПК (РП/ЗРП)"),E93*L93/365*M93*0.25,0),"") | O93: =I93 -> 0 | P93: =IFERROR(Q78-$D93,"") | Q93: =IFERROR(IF(OR(C73="КУПК",C73="КУПК (РП/ЗРП)"),E93*O93/365*P93*0.25,0),"")
B94: =IF(AND(калькулятор!D$30>0,калькулятор!D$30<>"Ключевая"),калькулятор!E$30,"") -> 0 | C94: =IFERROR(VLOOKUP(B94,калькулятор!E:OJ,MATCH($B73,калькулятор!$3:$3,0)-5,0),"") | D94: =IFERROR(IF(VLOOKUP(B94,калькулятор!E:J,6,0)=0,"",VLOOKUP(B94,калькулятор!E:J,6,0)),"") | E94: =IF(B94="Финальная веха*",0,IF(D94="","",IF(B94="","",IFERROR(C94/67*33,"")))) | J94: =IFERROR(K78-D94,"") | K94: =IFERROR(IF(OR(C73="КУПК",C73="КУПК (РП/ЗРП)"),E94*I94/365*J94*0.5,E94*I94/365*J94),"") | L94: =I94 -> 0 | M94: =IFERROR(N78-$D94,"") | N94: =IFERROR(IF(OR(C73="КУПК",C73="КУПК (РП/ЗРП)"),E94*L94/365*M94*0.25,0),"") | O94: =I94 -> 0 | P94: =IFERROR(Q78-$D94,"") | Q94: =IFERROR(IF(OR(C73="КУПК",C73="КУПК (РП/ЗРП)"),E94*O94/365*P94*0.25,0),"")
B95: =IF(AND(калькулятор!D$31>0,калькулятор!D$31<>"Ключевая"),калькулятор!E$31,"") -> 0 | C95: =IFERROR(VLOOKUP(B95,калькулятор!E:OJ,MATCH($B73,калькулятор!$3:$3,0)-5,0),"") | D95: =IFERROR(IF(VLOOKUP(B95,калькулятор!E:J,6,0)=0,"",VLOOKUP(B95,калькулятор!E:J,6,0)),"") | E95: =IF(B95="Финальная веха*",0,IF(D95="","",IF(B95="","",IFERROR(C95/67*33,"")))) | J95: =IFERROR(K78-D95,"") | K95: =IFERROR(IF(OR(C73="КУПК",C73="КУПК (РП/ЗРП)"),E95*I95/365*J95*0.5,E95*I95/365*J95),"") | L95: =I95 -> 0 | M95: =IFERROR(N78-$D95,"") | N95: =IFERROR(IF(OR(C73="КУПК",C73="КУПК (РП/ЗРП)"),E95*L95/365*M95*0.25,0),"") | O95: =I95 -> 0 | P95: =IFERROR(Q78-$D95,"") | Q95: =IFERROR(IF(OR(C73="КУПК",C73="КУПК (РП/ЗРП)"),E95*O95/365*P95*0.25,0),"")
B96: =IF(AND(калькулятор!D$32>0,калькулятор!D$32<>"Ключевая"),калькулятор!E$32,"") -> 0 | C96: =IFERROR(VLOOKUP(B96,калькулятор!E:OJ,MATCH($B73,калькулятор!$3:$3,0)-5,0),"") | D96: =IFERROR(IF(VLOOKUP(B96,калькулятор!E:J,6,0)=0,"",VLOOKUP(B96,калькулятор!E:J,6,0)),"") | E96: =IF(B96="Финальная веха*",0,IF(D96="","",IF(B96="","",IFERROR(C96/67*33,"")))) | J96: =IFERROR(K78-D96,"") | K96: =IFERROR(IF(OR(C73="КУПК",C73="КУПК (РП/ЗРП)"),E96*I96/365*J96*0.5,E96*I96/365*J96),"") | L96: =I96 -> 0 | M96: =IFERROR(N78-$D96,"") | N96: =IFERROR(IF(OR(C73="КУПК",C73="КУПК (РП/ЗРП)"),E96*L96/365*M96*0.25,0),"") | O96: =I96 -> 0 | P96: =IFERROR(Q78-$D96,"") | Q96: =IFERROR(IF(OR(C73="КУПК",C73="КУПК (РП/ЗРП)"),E96*O96/365*P96*0.25,0),"")
B97: =IF(AND(калькулятор!D$33>0,калькулятор!D$33<>"Ключевая"),калькулятор!E$33,"") -> 0 | C97: =IFERROR(VLOOKUP(B97,калькулятор!E:OJ,MATCH($B73,калькулятор!$3:$3,0)-5,0),"") | D97: =IFERROR(IF(VLOOKUP(B97,калькулятор!E:J,6,0)=0,"",VLOOKUP(B97,калькулятор!E:J,6,0)),"") | E97: =IF(B97="Финальная веха*",0,IF(D97="","",IF(B97="","",IFERROR(C97/67*33,"")))) | J97: =IFERROR(K78-D97,"") | K97: =IFERROR(IF(OR(C73="КУПК",C73="КУПК (РП/ЗРП)"),E97*I97/365*J97*0.5,E97*I97/365*J97),"") | L97: =I97 -> 0 | M97: =IFERROR(N78-$D97,"") | N97: =IFERROR(IF(OR(C73="КУПК",C73="КУПК (РП/ЗРП)"),E97*L97/365*M97*0.25,0),"") | O97: =I97 -> 0 | P97: =IFERROR(Q78-$D97,"") | Q97: =IFERROR(IF(OR(C73="КУПК",C73="КУПК (РП/ЗРП)"),E97*O97/365*P97*0.25,0),"")
B98: =IF(AND(калькулятор!D$34>0,калькулятор!D$34<>"Ключевая"),калькулятор!E$34,"") -> 0 | C98: =IFERROR(VLOOKUP(B98,калькулятор!E:OJ,MATCH($B73,калькулятор!$3:$3,0)-5,0),"") | D98: =IFERROR(IF(VLOOKUP(B98,калькулятор!E:J,6,0)=0,"",VLOOKUP(B98,калькулятор!E:J,6,0)),"") | E98: =IF(B98="Финальная веха*",0,IF(D98="","",IF(B98="","",IFERROR(C98/67*33,"")))) | J98: =IFERROR(K78-D98,"") | K98: =IFERROR(IF(OR(C73="КУПК",C73="КУПК (РП/ЗРП)"),E98*I98/365*J98*0.5,E98*I98/365*J98),"") | L98: =I98 -> 0 | M98: =IFERROR(N78-$D98,"") | N98: =IFERROR(IF(OR(C73="КУПК",C73="КУПК (РП/ЗРП)"),E98*L98/365*M98*0.25,0),"") | O98: =I98 -> 0 | P98: =IFERROR(Q78-$D98,"") | Q98: =IFERROR(IF(OR(C73="КУПК",C73="КУПК (РП/ЗРП)"),E98*O98/365*P98*0.25,0),"")
B99: =IF(AND(калькулятор!D$35>0,калькулятор!D$35<>"Ключевая"),калькулятор!E$35,"") -> 0 | C99: =IFERROR(VLOOKUP(B99,калькулятор!E:OJ,MATCH($B73,калькулятор!$3:$3,0)-5,0),"") | D99: =IFERROR(IF(VLOOKUP(B99,калькулятор!E:J,6,0)=0,"",VLOOKUP(B99,калькулятор!E:J,6,0)),"") | E99: =IF(B99="Финальная веха*",0,IF(D99="","",IF(B99="","",IFERROR(C99/67*33,"")))) | J99: =IFERROR(K78-D99,"") | K99: =IFERROR(IF(OR(C73="КУПК",C73="КУПК (РП/ЗРП)"),E99*I99/365*J99*0.5,E99*I99/365*J99),"") | L99: =I99 -> 0 | M99: =IFERROR(N78-$D99,"") | N99: =IFERROR(IF(OR(C73="КУПК",C73="КУПК (РП/ЗРП)"),E99*L99/365*M99*0.25,0),"") | O99: =I99 -> 0 | P99: =IFERROR(Q78-$D99,"") | Q99: =IFERROR(IF(OR(C73="КУПК",C73="КУПК (РП/ЗРП)"),E99*O99/365*P99*0.25,0),"")
B100: {=INDEX(калькулятор!$E$16:$E$305,MATCH(TRUE(),COUNTIF('проценты на отложенную часть'!B80:B99,калькулятор!$E$16:$E$305)=0,0))} -> Ключевая веха этапа | C100: =IFERROR(VLOOKUP(B100,калькулятор!E:OJ,MATCH(B73,калькулятор!$3:$3,0)-5,0),"")
B101: ="Финальная веха*" -> Финальная веха* | C101: =IF(OR(C73="КУПК",C73="КУПК (РП/ЗРП)"),C100*50%,C100) -> #VALUE! | D101: =IFERROR(IF(VLOOKUP(B101,калькулятор!E:J,6,0)=0,"",VLOOKUP(B101,калькулятор!E:J,6,0)),"") | E101: =IF(B101="Финальная веха*",0,IF(D101="","",IF(B101="","",IFERROR(C101/67*33,"")))) -> 0 | J101: =IFERROR(K78-D101,"") | K101: =IFERROR(IF(OR(C73="КУПК",C73="КУПК (РП/ЗРП)"),E101*I101/365*J101*0.5,E101*I101/365*J101),"")
B102: =IF(OR(C73="КУПК",C73="КУПК (РП/ЗРП)"),"Финальная веха (25% ПБ)*","") -> #VALUE! | C102: =IF(OR(C73="КУПК",C73="КУПК (РП/ЗРП)"),C100*25%,"") -> #VALUE! | D102: =IFERROR(IF(VLOOKUP(B102,калькулятор!E:J,6,0)=0,"",VLOOKUP(B102,калькулятор!E:J,6,0)),"") | E102: =C102 -> #VALUE! | M102: =IF(OR(C73="КУПК",C73="КУПК (РП/ЗРП)"),IF(D101="","",D102-D101),"") -> #VALUE! | N102: =IFERROR(IF(D102="","",IF(OR(C73="КУПК",C73="КУПК (РП/ЗРП)"),E102*L102/365*M102,0)),"")
B103: =IF(OR(C73="КУПК",C73="КУПК (РП/ЗРП)"),"Финальная веха (25% ПБ) 2 часть*","") -> #VALUE! | C103: =IF(OR(C73="КУПК",C73="КУПК (РП/ЗРП)"),C100*25%,"") -> #VALUE! | D103: =IFERROR(IF(VLOOKUP(B103,калькулятор!E:J,6,0)=0,"",VLOOKUP(B103,калькулятор!E:J,6,0)),"") | E103: =C103 -> #VALUE! | P103: =IF(OR(C73="КУПК",C73="КУПК (РП/ЗРП)"),IF(D101="","",D103-D101),"") -> #VALUE! | Q103: =IFERROR(IF(D103="","",IF(OR(C73="КУПК",C73="КУПК (РП/ЗРП)"),E103*O103/365*P103,0)),"")
B107: {=INDEX($B$6:$B$37,SMALL(IF(COUNTIF($B$38:$B106,$B$6:$B$37)=0,ROW($B$6:$B$37)-ROW($B$6)+1),1))} -> #VALUE! | C107: =INDEX(калькулятор!$1:$3,1,MATCH(B107,калькулятор!$3:$3,0)) -> #VALUE! | I107: ячейки с цветом | J107: заполняется СОВ | K107: =SUM(K114:K137) -> 0 | N107: =SUM(N114:N137) -> 0 | Q107: =SUM(Q114:Q137) -> 0
C108: Бонус этапа | D108: =HLOOKUP(B107,калькулятор!$3:$14,5,0) -> #VALUE!
I111: =IF(OR(C107="КУПК",C107="КУПК (РП/ЗРП)"),"1 выплата (50%)","Выплата") -> #VALUE! | L111: =IF(OR(C107="КУПК",C107="КУПК (РП/ЗРП)"),"2 выплата (25%)","Выплата") -> #VALUE! | O111: =IF(OR(C107="КУПК",C107="КУПК (РП/ЗРП)"),"3 выплата (25%)","Выплата") -> #VALUE!
C112: Дата начала работы сотрудника на проекте | D112: =HLOOKUP(B107,калькулятор!$3:$5,3,0) -> #VALUE! | I112: Индексация до даты: | K112: =D135 | L112: Индексация до даты: | N112: =D136 | O112: Индексация до даты: | Q112: =D137
B113: Веха (только вехи авансирования) | C113: Сумма бонуса | D113: Дата фактической выплаты (10 число после отчетной сессии) | E113: Подлежит индексации | F113: К выплате (накопленные суммы процентов) | I113: Ключевая ставка ЦБ за период | J113: Длительность индексации | K113: Сумма доплаты по индексации | L113: Ключевая ставка ЦБ за период | M113: Длительность индексации | N113: Сумма доплаты по индексации | O113: Ключевая ставка ЦБ за период | P113: Длительность индексации | Q113: Сумма доплаты по индексации
B114: =IF(AND(калькулятор!D$16>0,калькулятор!D$16<>"Ключевая"),калькулятор!E$16,"") -> Мотивационная веха 1 | C114: =IFERROR(VLOOKUP(B114,калькулятор!E:OJ,MATCH($B107,калькулятор!$3:$3,0)-5,0),"") | D114: =IFERROR(IF(VLOOKUP(B114,калькулятор!E:J,6,0)=0,"",VLOOKUP(B114,калькулятор!E:J,6,0)),"") -> 45877 | E114: =IF(B114="Финальная веха*",0,IF(D114="","",IF(B114="","",IFERROR(C114/67*33,"")))) | J114: =IFERROR(K112-D114,"") | K114: =IFERROR(IF(OR(C107="КУПК",C107="КУПК (РП/ЗРП)"),E114*I114/365*J114*0.5,E114*I114/365*J114),"") | L114: =I114 -> 0 | M114: =IFERROR(N112-$D114,"") | N114: =IFERROR(IF(OR(C107="КУПК",C107="КУПК (РП/ЗРП)"),E114*L114/365*M114*0.25,0),"") | O114: =I114 -> 0 | P114: =IFERROR(Q112-$D114,"") | Q114: =IFERROR(IF(OR(C107="КУПК",C107="КУПК (РП/ЗРП)"),E114*O114/365*P114*0.25,0),"")
B115: =IF(AND(калькулятор!D$17>0,калькулятор!D$17<>"Ключевая"),калькулятор!E$17,"") -> Мотивационная веха 2 | C115: =IFERROR(VLOOKUP(B115,калькулятор!E:OJ,MATCH($B107,калькулятор!$3:$3,0)-5,0),"") | D115: =IFERROR(IF(VLOOKUP(B115,калькулятор!E:J,6,0)=0,"",VLOOKUP(B115,калькулятор!E:J,6,0)),"") | E115: =IF(B115="Финальная веха*",0,IF(D115="","",IF(B115="","",IFERROR(C115/67*33,"")))) | J115: =IFERROR(K112-D115,"") | K115: =IFERROR(IF(OR(C107="КУПК",C107="КУПК (РП/ЗРП)"),E115*I115/365*J115*0.5,E115*I115/365*J115),"") | L115: =I115 -> 0 | M115: =IFERROR(N112-$D115,"") | N115: =IFERROR(IF(OR(C107="КУПК",C107="КУПК (РП/ЗРП)"),E115*L115/365*M115*0.25,0),"") | O115: =I115 -> 0 | P115: =IFERROR(Q112-$D115,"") | Q115: =IFERROR(IF(OR(C107="КУПК",C107="КУПК (РП/ЗРП)"),E115*O115/365*P115*0.25,0),"")
B116: =IF(AND(калькулятор!D$18>0,калькулятор!D$18<>"Ключевая"),калькулятор!E$18,"") -> Мотивационная веха 3 | C116: =IFERROR(VLOOKUP(B116,калькулятор!E:OJ,MATCH($B107,калькулятор!$3:$3,0)-5,0),"") | D116: =IFERROR(IF(VLOOKUP(B116,калькулятор!E:J,6,0)=0,"",VLOOKUP(B116,калькулятор!E:J,6,0)),"") -> 46063 | E116: =IF(B116="Финальная веха*",0,IF(D116="","",IF(B116="","",IFERROR(C116/67*33,"")))) | J116: =IFERROR(K112-D116,"") | K116: =IFERROR(IF(OR(C107="КУПК",C107="КУПК (РП/ЗРП)"),E116*I116/365*J116*0.5,E116*I116/365*J116),"") | L116: =I116 -> 0 | M116: =IFERROR(N112-$D116,"") | N116: =IFERROR(IF(OR(C107="КУПК",C107="КУПК (РП/ЗРП)"),E116*L116/365*M116*0.25,0),"") | O116: =I116 -> 0 | P116: =IFERROR(Q112-$D116,"") | Q116: =IFERROR(IF(OR(C107="КУПК",C107="КУПК (РП/ЗРП)"),E116*O116/365*P116*0.25,0),"")
B117: =IF(AND(калькулятор!D$19>0,калькулятор!D$19<>"Ключевая"),калькулятор!E$19,"") -> Мотивационная веха 4 | C117: =IFERROR(VLOOKUP(B117,калькулятор!E:OJ,MATCH($B107,калькулятор!$3:$3,0)-5,0),"") | D117: =IFERROR(IF(VLOOKUP(B117,калькулятор!E:J,6,0)=0,"",VLOOKUP(B117,калькулятор!E:J,6,0)),"") | E117: =IF(B117="Финальная веха*",0,IF(D117="","",IF(B117="","",IFERROR(C117/67*33,"")))) | J117: =IFERROR(K112-D117,"") | K117: =IFERROR(IF(OR(C107="КУПК",C107="КУПК (РП/ЗРП)"),E117*I117/365*J117*0.5,E117*I117/365*J117),"") | L117: =I117 -> 0 | M117: =IFERROR(N112-$D117,"") | N117: =IFERROR(IF(OR(C107="КУПК",C107="КУПК (РП/ЗРП)"),E117*L117/365*M117*0.25,0),"") | O117: =I117 -> 0 | P117: =IFERROR(Q112-$D117,"") | Q117: =IFERROR(IF(OR(C107="КУПК",C107="КУПК (РП/ЗРП)"),E117*O117/365*P117*0.25,0),"")
B118: =IF(AND(калькулятор!D$20>0,калькулятор!D$20<>"Ключевая"),калькулятор!E$20,"") -> Мотивационная веха 5 | C118: =IFERROR(VLOOKUP(B118,калькулятор!E:OJ,MATCH($B107,калькулятор!$3:$3,0)-5,0),"") | D118: =IFERROR(IF(VLOOKUP(B118,калькулятор!E:J,6,0)=0,"",VLOOKUP(B118,калькулятор!E:J,6,0)),"") | E118: =IF(B118="Финальная веха*",0,IF(D118="","",IF(B118="","",IFERROR(C118/67*33,"")))) | J118: =IFERROR(K112-D118,"") | K118: =IFERROR(IF(OR(C107="КУПК",C107="КУПК (РП/ЗРП)"),E118*I118/365*J118*0.5,E118*I118/365*J118),"") | L118: =I118 -> 0 | M118: =IFERROR(N112-$D118,"") | N118: =IFERROR(IF(OR(C107="КУПК",C107="КУПК (РП/ЗРП)"),E118*L118/365*M118*0.25,0),"") | O118: =I118 -> 0 | P118: =IFERROR(Q112-$D118,"") | Q118: =IFERROR(IF(OR(C107="КУПК",C107="КУПК (РП/ЗРП)"),E118*O118/365*P118*0.25,0),"")
B119: =IF(AND(калькулятор!D$21>0,калькулятор!D$21<>"Ключевая"),калькулятор!E$21,"") -> Мотивационная веха 6 | C119: =IFERROR(VLOOKUP(B119,калькулятор!E:OJ,MATCH($B107,калькулятор!$3:$3,0)-5,0),"") | D119: =IFERROR(IF(VLOOKUP(B119,калькулятор!E:J,6,0)=0,"",VLOOKUP(B119,калькулятор!E:J,6,0)),"") | E119: =IF(B119="Финальная веха*",0,IF(D119="","",IF(B119="","",IFERROR(C119/67*33,"")))) | J119: =IFERROR(K112-D119,"") | K119: =IFERROR(IF(OR(C107="КУПК",C107="КУПК (РП/ЗРП)"),E119*I119/365*J119*0.5,E119*I119/365*J119),"") | L119: =I119 -> 0 | M119: =IFERROR(N112-$D119,"") | N119: =IFERROR(IF(OR(C107="КУПК",C107="КУПК (РП/ЗРП)"),E119*L119/365*M119*0.25,0),"") | O119: =I119 -> 0 | P119: =IFERROR(Q112-$D119,"") | Q119: =IFERROR(IF(OR(C107="КУПК",C107="КУПК (РП/ЗРП)"),E119*O119/365*P119*0.25,0),"")
B120: =IF(AND(калькулятор!D$22>0,калькулятор!D$22<>"Ключевая"),калькулятор!E$22,"") -> 0 | C120: =IFERROR(VLOOKUP(B120,калькулятор!E:OJ,MATCH($B107,калькулятор!$3:$3,0)-5,0),"") | D120: =IFERROR(IF(VLOOKUP(B120,калькулятор!E:J,6,0)=0,"",VLOOKUP(B120,калькулятор!E:J,6,0)),"") | E120: =IF(B120="Финальная веха*",0,IF(D120="","",IF(B120="","",IFERROR(C120/67*33,"")))) | J120: =IFERROR(K112-D120,"") | K120: =IFERROR(IF(OR(C107="КУПК",C107="КУПК (РП/ЗРП)"),E120*I120/365*J120*0.5,E120*I120/365*J120),"") | L120: =I120 -> 0 | M120: =IFERROR(N112-$D120,"") | N120: =IFERROR(IF(OR(C107="КУПК",C107="КУПК (РП/ЗРП)"),E120*L120/365*M120*0.25,0),"") | O120: =I120 -> 0 | P120: =IFERROR(Q112-$D120,"") | Q120: =IFERROR(IF(OR(C107="КУПК",C107="КУПК (РП/ЗРП)"),E120*O120/365*P120*0.25,0),"")
B121: =IF(AND(калькулятор!D$23>0,калькулятор!D$23<>"Ключевая"),калькулятор!E$23,"") -> 0 | C121: =IFERROR(VLOOKUP(B121,калькулятор!E:OJ,MATCH($B107,калькулятор!$3:$3,0)-5,0),"") | D121: =IFERROR(IF(VLOOKUP(B121,калькулятор!E:J,6,0)=0,"",VLOOKUP(B121,калькулятор!E:J,6,0)),"") | E121: =IF(B121="Финальная веха*",0,IF(D121="","",IF(B121="","",IFERROR(C121/67*33,"")))) | J121: =IFERROR(K112-D121,"") | K121: =IFERROR(IF(OR(C107="КУПК",C107="КУПК (РП/ЗРП)"),E121*I121/365*J121*0.5,E121*I121/365*J121),"") | L121: =I121 -> 0 | M121: =IFERROR(N112-$D121,"") | N121: =IFERROR(IF(OR(C107="КУПК",C107="КУПК (РП/ЗРП)"),E121*L121/365*M121*0.25,0),"") | O121: =I121 -> 0 | P121: =IFERROR(Q112-$D121,"") | Q121: =IFERROR(IF(OR(C107="КУПК",C107="КУПК (РП/ЗРП)"),E121*O121/365*P121*0.25,0),"")
B122: =IF(AND(калькулятор!D$24>0,калькулятор!D$24<>"Ключевая"),калькулятор!E$24,"") -> 0 | C122: =IFERROR(VLOOKUP(B122,калькулятор!E:OJ,MATCH($B107,калькулятор!$3:$3,0)-5,0),"") | D122: =IFERROR(IF(VLOOKUP(B122,калькулятор!E:J,6,0)=0,"",VLOOKUP(B122,калькулятор!E:J,6,0)),"") | E122: =IF(B122="Финальная веха*",0,IF(D122="","",IF(B122="","",IFERROR(C122/67*33,"")))) | J122: =IFERROR(K112-D122,"") | K122: =IFERROR(IF(OR(C107="КУПК",C107="КУПК (РП/ЗРП)"),E122*I122/365*J122*0.5,E122*I122/365*J122),"") | L122: =I122 -> 0 | M122: =IFERROR(N112-$D122,"") | N122: =IFERROR(IF(OR(C107="КУПК",C107="КУПК (РП/ЗРП)"),E122*L122/365*M122*0.25,0),"") | O122: =I122 -> 0 | P122: =IFERROR(Q112-$D122,"") | Q122: =IFERROR(IF(OR(C107="КУПК",C107="КУПК (РП/ЗРП)"),E122*O122/365*P122*0.25,0),"")
B123: =IF(AND(калькулятор!D$25>0,калькулятор!D$25<>"Ключевая"),калькулятор!E$25,"") -> 0 | C123: =IFERROR(VLOOKUP(B123,калькулятор!E:OJ,MATCH($B107,калькулятор!$3:$3,0)-5,0),"") | D123: =IFERROR(IF(VLOOKUP(B123,калькулятор!E:J,6,0)=0,"",VLOOKUP(B123,калькулятор!E:J,6,0)),"") | E123: =IF(B123="Финальная веха*",0,IF(D123="","",IF(B123="","",IFERROR(C123/67*33,"")))) | J123: =IFERROR(K112-D123,"") | K123: =IFERROR(IF(OR(C107="КУПК",C107="КУПК (РП/ЗРП)"),E123*I123/365*J123*0.5,E123*I123/365*J123),"") | L123: =I123 -> 0 | M123: =IFERROR(N112-$D123,"") | N123: =IFERROR(IF(OR(C107="КУПК",C107="КУПК (РП/ЗРП)"),E123*L123/365*M123*0.25,0),"") | O123: =I123 -> 0 | P123: =IFERROR(Q112-$D123,"") | Q123: =IFERROR(IF(OR(C107="КУПК",C107="КУПК (РП/ЗРП)"),E123*O123/365*P123*0.25,0),"")
B124: =IF(AND(калькулятор!D$26>0,калькулятор!D$26<>"Ключевая"),калькулятор!E$26,"") -> 0 | C124: =IFERROR(VLOOKUP(B124,калькулятор!E:OJ,MATCH($B107,калькулятор!$3:$3,0)-5,0),"") | D124: =IFERROR(IF(VLOOKUP(B124,калькулятор!E:J,6,0)=0,"",VLOOKUP(B124,калькулятор!E:J,6,0)),"") | E124: =IF(B124="Финальная веха*",0,IF(D124="","",IF(B124="","",IFERROR(C124/67*33,"")))) | J124: =IFERROR(K112-D124,"") | K124: =IFERROR(IF(OR(C107="КУПК",C107="КУПК (РП/ЗРП)"),E124*I124/365*J124*0.5,E124*I124/365*J124),"") | L124: =I124 -> 0 | M124: =IFERROR(N112-$D124,"") | N124: =IFERROR(IF(OR(C107="КУПК",C107="КУПК (РП/ЗРП)"),E124*L124/365*M124*0.25,0),"") | O124: =I124 -> 0 | P124: =IFERROR(Q112-$D124,"") | Q124: =IFERROR(IF(OR(C107="КУПК",C107="КУПК (РП/ЗРП)"),E124*O124/365*P124*0.25,0),"")
B125: =IF(AND(калькулятор!D$27>0,калькулятор!D$27<>"Ключевая"),калькулятор!E$27,"") -> 0 | C125: =IFERROR(VLOOKUP(B125,калькулятор!E:OJ,MATCH($B107,калькулятор!$3:$3,0)-5,0),"") | D125: =IFERROR(IF(VLOOKUP(B125,калькулятор!E:J,6,0)=0,"",VLOOKUP(B125,калькулятор!E:J,6,0)),"") | E125: =IF(B125="Финальная веха*",0,IF(D125="","",IF(B125="","",IFERROR(C125/67*33,"")))) | J125: =IFERROR(K112-D125,"") | K125: =IFERROR(IF(OR(C107="КУПК",C107="КУПК (РП/ЗРП)"),E125*I125/365*J125*0.5,E125*I125/365*J125),"") | L125: =I125 -> 0 | M125: =IFERROR(N112-$D125,"") | N125: =IFERROR(IF(OR(C107="КУПК",C107="КУПК (РП/ЗРП)"),E125*L125/365*M125*0.25,0),"") | O125: =I125 -> 0 | P125: =IFERROR(Q112-$D125,"") | Q125: =IFERROR(IF(OR(C107="КУПК",C107="КУПК (РП/ЗРП)"),E125*O125/365*P125*0.25,0),"")
B126: =IF(AND(калькулятор!D$28>0,калькулятор!D$28<>"Ключевая"),калькулятор!E$28,"") -> 0 | C126: =IFERROR(VLOOKUP(B126,калькулятор!E:OJ,MATCH($B107,калькулятор!$3:$3,0)-5,0),"") | D126: =IFERROR(IF(VLOOKUP(B126,калькулятор!E:J,6,0)=0,"",VLOOKUP(B126,калькулятор!E:J,6,0)),"") | E126: =IF(B126="Финальная веха*",0,IF(D126="","",IF(B126="","",IFERROR(C126/67*33,"")))) | J126: =IFERROR(K112-D126,"") | K126: =IFERROR(IF(OR(C107="КУПК",C107="КУПК (РП/ЗРП)"),E126*I126/365*J126*0.5,E126*I126/365*J126),"") | L126: =I126 -> 0 | M126: =IFERROR(N112-$D126,"") | N126: =IFERROR(IF(OR(C107="КУПК",C107="КУПК (РП/ЗРП)"),E126*L126/365*M126*0.25,0),"") | O126: =I126 -> 0 | P126: =IFERROR(Q112-$D126,"") | Q126: =IFERROR(IF(OR(C107="КУПК",C107="КУПК (РП/ЗРП)"),E126*O126/365*P126*0.25,0),"")
B127: =IF(AND(калькулятор!D$29>0,калькулятор!D$29<>"Ключевая"),калькулятор!E$29,"") -> 0 | C127: =IFERROR(VLOOKUP(B127,калькулятор!E:OJ,MATCH($B107,калькулятор!$3:$3,0)-5,0),"") | D127: =IFERROR(IF(VLOOKUP(B127,калькулятор!E:J,6,0)=0,"",VLOOKUP(B127,калькулятор!E:J,6,0)),"") | E127: =IF(B127="Финальная веха*",0,IF(D127="","",IF(B127="","",IFERROR(C127/67*33,"")))) | J127: =IFERROR(K112-D127,"") | K127: =IFERROR(IF(OR(C107="КУПК",C107="КУПК (РП/ЗРП)"),E127*I127/365*J127*0.5,E127*I127/365*J127),"") | L127: =I127 -> 0 | M127: =IFERROR(N112-$D127,"") | N127: =IFERROR(IF(OR(C107="КУПК",C107="КУПК (РП/ЗРП)"),E127*L127/365*M127*0.25,0),"") | O127: =I127 -> 0 | P127: =IFERROR(Q112-$D127,"") | Q127: =IFERROR(IF(OR(C107="КУПК",C107="КУПК (РП/ЗРП)"),E127*O127/365*P127*0.25,0),"")
B128: =IF(AND(калькулятор!D$30>0,калькулятор!D$30<>"Ключевая"),калькулятор!E$30,"") -> 0 | C128: =IFERROR(VLOOKUP(B128,калькулятор!E:OJ,MATCH($B107,калькулятор!$3:$3,0)-5,0),"") | D128: =IFERROR(IF(VLOOKUP(B128,калькулятор!E:J,6,0)=0,"",VLOOKUP(B128,калькулятор!E:J,6,0)),"") | E128: =IF(B128="Финальная веха*",0,IF(D128="","",IF(B128="","",IFERROR(C128/67*33,"")))) | J128: =IFERROR(K112-D128,"") | K128: =IFERROR(IF(OR(C107="КУПК",C107="КУПК (РП/ЗРП)"),E128*I128/365*J128*0.5,E128*I128/365*J128),"") | L128: =I128 -> 0 | M128: =IFERROR(N112-$D128,"") | N128: =IFERROR(IF(OR(C107="КУПК",C107="КУПК (РП/ЗРП)"),E128*L128/365*M128*0.25,0),"") | O128: =I128 -> 0 | P128: =IFERROR(Q112-$D128,"") | Q128: =IFERROR(IF(OR(C107="КУПК",C107="КУПК (РП/ЗРП)"),E128*O128/365*P128*0.25,0),"")
B129: =IF(AND(калькулятор!D$31>0,калькулятор!D$31<>"Ключевая"),калькулятор!E$31,"") -> 0 | C129: =IFERROR(VLOOKUP(B129,калькулятор!E:OJ,MATCH($B107,калькулятор!$3:$3,0)-5,0),"") | D129: =IFERROR(IF(VLOOKUP(B129,калькулятор!E:J,6,0)=0,"",VLOOKUP(B129,калькулятор!E:J,6,0)),"") | E129: =IF(B129="Финальная веха*",0,IF(D129="","",IF(B129="","",IFERROR(C129/67*33,"")))) | J129: =IFERROR(K112-D129,"") | K129: =IFERROR(IF(OR(C107="КУПК",C107="КУПК (РП/ЗРП)"),E129*I129/365*J129*0.5,E129*I129/365*J129),"") | L129: =I129 -> 0 | M129: =IFERROR(N112-$D129,"") | N129: =IFERROR(IF(OR(C107="КУПК",C107="КУПК (РП/ЗРП)"),E129*L129/365*M129*0.25,0),"") | O129: =I129 -> 0 | P129: =IFERROR(Q112-$D129,"") | Q129: =IFERROR(IF(OR(C107="КУПК",C107="КУПК (РП/ЗРП)"),E129*O129/365*P129*0.25,0),"")
B130: =IF(AND(калькулятор!D$32>0,калькулятор!D$32<>"Ключевая"),калькулятор!E$32,"") -> 0 | C130: =IFERROR(VLOOKUP(B130,калькулятор!E:OJ,MATCH($B107,калькулятор!$3:$3,0)-5,0),"") | D130: =IFERROR(IF(VLOOKUP(B130,калькулятор!E:J,6,0)=0,"",VLOOKUP(B130,калькулятор!E:J,6,0)),"") | E130: =IF(B130="Финальная веха*",0,IF(D130="","",IF(B130="","",IFERROR(C130/67*33,"")))) | J130: =IFERROR(K112-D130,"") | K130: =IFERROR(IF(OR(C107="КУПК",C107="КУПК (РП/ЗРП)"),E130*I130/365*J130*0.5,E130*I130/365*J130),"") | L130: =I130 -> 0 | M130: =IFERROR(N112-$D130,"") | N130: =IFERROR(IF(OR(C107="КУПК",C107="КУПК (РП/ЗРП)"),E130*L130/365*M130*0.25,0),"") | O130: =I130 -> 0 | P130: =IFERROR(Q112-$D130,"") | Q130: =IFERROR(IF(OR(C107="КУПК",C107="КУПК (РП/ЗРП)"),E130*O130/365*P130*0.25,0),"")
B131: =IF(AND(калькулятор!D$33>0,калькулятор!D$33<>"Ключевая"),калькулятор!E$33,"") -> 0 | C131: =IFERROR(VLOOKUP(B131,калькулятор!E:OJ,MATCH($B107,калькулятор!$3:$3,0)-5,0),"") | D131: =IFERROR(IF(VLOOKUP(B131,калькулятор!E:J,6,0)=0,"",VLOOKUP(B131,калькулятор!E:J,6,0)),"") | E131: =IF(B131="Финальная веха*",0,IF(D131="","",IF(B131="","",IFERROR(C131/67*33,"")))) | J131: =IFERROR(K112-D131,"") | K131: =IFERROR(IF(OR(C107="КУПК",C107="КУПК (РП/ЗРП)"),E131*I131/365*J131*0.5,E131*I131/365*J131),"") | L131: =I131 -> 0 | M131: =IFERROR(N112-$D131,"") | N131: =IFERROR(IF(OR(C107="КУПК",C107="КУПК (РП/ЗРП)"),E131*L131/365*M131*0.25,0),"") | O131: =I131 -> 0 | P131: =IFERROR(Q112-$D131,"") | Q131: =IFERROR(IF(OR(C107="КУПК",C107="КУПК (РП/ЗРП)"),E131*O131/365*P131*0.25,0),"")
B132: =IF(AND(калькулятор!D$34>0,калькулятор!D$34<>"Ключевая"),калькулятор!E$34,"") -> 0 | C132: =IFERROR(VLOOKUP(B132,калькулятор!E:OJ,MATCH($B107,калькулятор!$3:$3,0)-5,0),"") | D132: =IFERROR(IF(VLOOKUP(B132,калькулятор!E:J,6,0)=0,"",VLOOKUP(B132,калькулятор!E:J,6,0)),"") | E132: =IF(B132="Финальная веха*",0,IF(D132="","",IF(B132="","",IFERROR(C132/67*33,"")))) | J132: =IFERROR(K112-D132,"") | K132: =IFERROR(IF(OR(C107="КУПК",C107="КУПК (РП/ЗРП)"),E132*I132/365*J132*0.5,E132*I132/365*J132),"") | L132: =I132 -> 0 | M132: =IFERROR(N112-$D132,"") | N132: =IFERROR(IF(OR(C107="КУПК",C107="КУПК (РП/ЗРП)"),E132*L132/365*M132*0.25,0),"") | O132: =I132 -> 0 | P132: =IFERROR(Q112-$D132,"") | Q132: =IFERROR(IF(OR(C107="КУПК",C107="КУПК (РП/ЗРП)"),E132*O132/365*P132*0.25,0),"")
B133: =IF(AND(калькулятор!D$35>0,калькулятор!D$35<>"Ключевая"),калькулятор!E$35,"") -> 0 | C133: =IFERROR(VLOOKUP(B133,калькулятор!E:OJ,MATCH($B107,калькулятор!$3:$3,0)-5,0),"") | D133: =IFERROR(IF(VLOOKUP(B133,калькулятор!E:J,6,0)=0,"",VLOOKUP(B133,калькулятор!E:J,6,0)),"") | E133: =IF(B133="Финальная веха*",0,IF(D133="","",IF(B133="","",IFERROR(C133/67*33,"")))) | J133: =IFERROR(K112-D133,"") | K133: =IFERROR(IF(OR(C107="КУПК",C107="КУПК (РП/ЗРП)"),E133*I133/365*J133*0.5,E133*I133/365*J133),"") | L133: =I133 -> 0 | M133: =IFERROR(N112-$D133,"") | N133: =IFERROR(IF(OR(C107="КУПК",C107="КУПК (РП/ЗРП)"),E133*L133/365*M133*0.25,0),"") | O133: =I133 -> 0 | P133: =IFERROR(Q112-$D133,"") | Q133: =IFERROR(IF(OR(C107="КУПК",C107="КУПК (РП/ЗРП)"),E133*O133/365*P133*0.25,0),"")
...

Sheet +- 30%
C1: Бонус по вехам
B3: Зеленые столбцы запросить в ФГВ
B5: Заполнить столбец, выделенный желтым цветом ("% перераспределения")
B7: Сумма по столбцу "Бонус к распределению" должна быть = 0
B9: Количество вех (не считая финальную) | D9: 10
B12: ФИО | C12: Расчётный бонус | D12: % перераспределения | E12: Бонус к распределению | F12: Итого бонус к выплате | G12: Финальный бонус этапа без учета К перераспред-ия и до вычета авансов | H12: К перераспределения бонуса | I12: Финальный бонус этапа с учетом К перераспред-ия и вычетом авансов, выплаченных по вехам
B13: Сотрудник 1 | C13: 200000 | D13: 0.3 | E13: =D13*C13 -> 60000 | F13: =SUM(E13+C13) -> 260000 | G13: =C13*$D$9/67%*100% -> 2985074.6 | H13: =D13/$D$9+100% -> 1.03 | I13: =G13*H13-C13*($D$9-1)-F13 -> 1014626.9
B14: Сотрудник 2 | C14: 200000 | D14: -0.3 | E14: =D14*C14 -> -60000 | F14: =SUM(E14+C14) -> 140000 | G14: =C14*$D$9/67%*100% -> 2985074.6 | H14: =D14/$D$9+100% -> 0.97 | I14: =G14*H14-C14*($D$9-1)-F14 -> 955522.39
B15: Сотрудник 3 | C15: 330000 | D15: 0 | E15: =D15*C15 -> 0 | F15: =SUM(E15+C15) -> 330000 | G15: =C15*$D$9/67%*100% -> 4925373.1 | H15: =D15/$D$9+100% -> 1 | I15: =G15*H15-C15*($D$9-1)-F15 -> 1625373.1
B16: Сотрудник 4 | C16: 350000 | D16: 0 | E16: =D16*C16 -> 0 | F16: =SUM(E16+C16) -> 350000 | G16: =C16*$D$9/67%*100% -> 5223880.6 | H16: =D16/$D$9+100% -> 1 | I16: =G16*H16-C16*($D$9-1)-F16 -> 1723880.6
B17: Сотрудник 5 | C17: 350000 | D17: 0 | E17: =D17*C17 -> 0 | F17: =SUM(E17+C17) -> 350000 | G17: =C17*$D$9/67%*100% -> 5223880.6 | H17: =D17/$D$9+100% -> 1 | I17: =G17*H17-C17*($D$9-1)-F17 -> 1723880.6
B18: Сотрудник 6 | C18: 100000 | D18: 0 | E18: =D18*C18 -> 0 | F18: =SUM(E18+C18) -> 100000 | G18: =C18*$D$9/67%*100% -> 1492537.3 | H18: =D18/$D$9+100% -> 1 | I18: =G18*H18-C18*($D$9-1)-F18 -> 492537.31
B19: Сотрудник 7 | C19: 100000 | D19: 0 | E19: =D19*C19 -> 0 | F19: =SUM(E19+C19) -> 100000 | G19: =C19*$D$9/67%*100% -> 1492537.3 | H19: =D19/$D$9+100% -> 1 | I19: =G19*H19-C19*($D$9-1)-F19 -> 492537.31
B20: Сотрудник 8 | C20: 100000 | D20: 0 | E20: =D20*C20 -> 0 | F20: =SUM(E20+C20) -> 100000 | G20: =C20*$D$9/67%*100% -> 1492537.3 | H20: =D20/$D$9+100% -> 1 | I20: =G20*H20-C20*($D$9-1)-F20 -> 492537.31
B21: Сотрудник 9 | C21: 100000 | D21: 0 | E21: =D21*C21 -> 0 | F21: =SUM(E21+C21) -> 100000 | G21: =C21*$D$9/67%*100% -> 1492537.3 | H21: =D21/$D$9+100% -> 1 | I21: =G21*H21-C21*($D$9-1)-F21 -> 492537.31
B22: Сотрудник 10 | C22: 100000 | D22: 0 | E22: =D22*C22 -> 0 | F22: =SUM(E22+C22) -> 100000 | G22: =C22*$D$9/67%*100% -> 1492537.3 | H22: =D22/$D$9+100% -> 1 | I22: =G22*H22-C22*($D$9-1)-F22 -> 492537.31
C23: Итого (должно быть = 0) | E23: =SUM(E13:E22) -> 0
C28: Бонус этапа
B30: Зеленые столбцы запросить в ФГВ
B32: Заполнить столбец, выделенный желтым цветом ("% перераспределения")
B34: Сумма по столбцу "Бонус к распределению" должна быть = 0
B37: ФИО | C37: Финальный бонус этапа | D37: % перераспределения | E37: Бонус к распределению | F37: Итого бонус к выплате
B38: Сотрудник 1 | C38: 200000 | D38: 0.3 | E38: =D38*C38 -> 60000 | F38: =SUM(E38+C38) -> 260000
B39: Сотрудник 2 | C39: 200000 | D39: -0.3 | E39: =D39*C39 -> -60000 | F39: =SUM(E39+C39) -> 140000
B40: Сотрудник 3 | C40: 330000 | D40: 0 | E40: =D40*C40 -> 0 | F40: =SUM(E40+C40) -> 330000
B41: Сотрудник 4 | C41: 350000 | D41: 0 | E41: =D41*C41 -> 0 | F41: =SUM(E41+C41) -> 350000
B42: Сотрудник 5 | C42: 350000 | D42: 0 | E42: =D42*C42 -> 0 | F42: =SUM(E42+C42) -> 350000
B43: Сотрудник 6 | C43: 100000 | D43: 0 | E43: =D43*C43 -> 0 | F43: =SUM(E43+C43) -> 100000
B44: Сотрудник 7 | C44: 100000 | D44: 0 | E44: =D44*C44 -> 0 | F44: =SUM(E44+C44) -> 100000
B45: Сотрудник 8 | C45: 100000 | D45: 0 | E45: =D45*C45 -> 0 | F45: =SUM(E45+C45) -> 100000
B46: Сотрудник 9 | C46: 100000 | D46: 0 | E46: =D46*C46 -> 0 | F46: =SUM(E46+C46) -> 100000
B47: Сотрудник 10 | C47: 100000 | D47: 0 | E47: =D47*C47 -> 0 | F47: =SUM(E47+C47) -> 100000
C48: Итого (должно быть = 0) | E48: =SUM(E38:E47) -> 0

Sheet тех.лист
B1: Для списка 1
B2: КУПК (РП/ЗРП)
B3: КУПК
B4: РУПК
B5: МП
B10: Для списка 2
B11: Руководитель группы разработки продукта
B12: Заместитель руководителя проекта
B13: Менеджер проекта

Sheet Лист для загрузки вех
A1: 1 | B1: 2 | C1: 3 | D1: 4 | E1: 5 | F1: 6 | G1: 7 | H1: 8 | I1: 9 | J1: 10 | K1: 11 | L1: 12 | M1: 13 | N1: 14 | O1: 15 | P1: 16 | Q1: 17 | R1: 18 | S1: 19 | T1: 20 | U1: 21 | V1: 22 | W1: 23
B2: Статус | C2: Наименование | D2: Шаблон | E2: Ключевая | F2: Вид | G2: Проект | H2: Очередь/корпус/строение | I2: Этап | J2: Заказчик | K2: Исполнитель | L2: Плановый срок | M2: Критерий закрытия | N2: Фактический срок | O2: Руководитель проекта | Q2: Отдел Интерьеров | R2: Отдел разработки продукта | S2: Отдел управлением проектированием | T2: Отдел экспертизы АР (ГАП) | U2: Строительная группа проектов FIT-OUT | V2: Строительная группа | W2: Главный специалист ДЭБ
A3: =CONCATENATE(C3," ",H3) -> Завершены работы по НИС | B3: Назначена | C3: Завершены работы по НИС | D3: Завершены работы по НИС | E3: Нет | F3: Основная | I3: Четвертый этап | L3: 30.12.2025 | M3: Проверить и прикрепить в 1С и SMDocs документы или ссылки на документы, подтверждающие выполнение следующих критериев: 1. Получены справки и/или акты от ресурсоснабжающих организаций необходимые для ЗОС. В объем работ по НИС не входят справки РАСЦО о ЧС, радио, сигнал 01. 2. Сканы документов размещены в SMDocs, файл "заморожен". Дата закрытия вехи: Дата, указанная на справке / акте от ресурсоснабжающих организаций. *берется наиболее поздняя дата. Перед закрытием вехи в 1С РП должен проверить: 1. Наличие всех документов/писем (или ссылок на расположение в SMDocs), указанных в критерии, в 1С. 2. Дату выполнения. 3. Справки и/или акты "заморожены" в SMDocs. | O3: Да | P3: Да | Q3: Нет | R3: Да | S3: Да | T3: Да | U3: Да | V3: Нет | W3: Проверить и подтвердить выполнение мотивационной вехи
A4: =CONCATENATE(C4," ",H4) -> Завершены работы по устройству кровли строений | B4: Назначена | C4: Завершены работы по устройству кровли строений | D4: Завершены работы по устройству кровли строений | E4: Нет | F4: Основная | I4: Четвертый этап | L4: 04.03.2026 | M4: Проверить и прикрепить в 1С и SMDocs документы или ссылки на документы, подтверждающие выполнение следующих критериев: 1. Подписан комиссионный акт фиксации объемов с отметкой об отсутствии критических замечаний к выполненным работам (РП, Главный инженер строительного контроля, РПС/РС). Выполнен пирог кровли корпусов (секций), включая гидроизоляцию и стяжку, гравий, щебень (если предусмотрены в РД), примыкания к шахтам. В объем работ по кровле не входят: парапетные крышки (фасады), короба вент оборудования (ВИС), лестницы, мостики (общестрой, фасады), покрытие террас собственников. 2. Акт фиксации объёмов с выложен в SMDocs, файл "заморожен". Дата закрытия вехи: Дата завершения работ, указанная в комиссионном акте фиксации. Перед закрытием вехи в 1С РП должен проверить: 1. Наличие всех документов/писем (или ссылок на расположение в SMDocs), указанных в критерии, в 1С. 2. Дату выполнения. 3. Комиссионный акт фиксации объемов с "заморожен" в SMDocs. | O4: Да | P4: Да | Q4: Нет | R4: Да | S4: Да | T4: Да | U4: Да | V4: Нет | W4: Проверить и подтвердить выполнение мотивационной вехи
A5: =CONCATENATE(C5," ",H5) -> Завершены работы по фасадам | B5: Назначена | C5: Завершены работы по фасадам | D5: Завершены работы по фасадам | E5: Нет | F5: Основная | I5: Четвертый этап | L5: 26.03.2026 | M5: Проверить и прикрепить в 1С и SMDocs документы или ссылки на документы, подтверждающие выполнение следующих критериев: 1. Подписан комиссионный акт фиксации объёмов с отметкой об отсутствии критических замечаний к выполненным работам (РП, Главный инженер строительного контроля, РПС/РС). Завершены фасады и СПК дома и инфраструктуры, ограждения балконов, террас, крышки парапетов, АХП, СОФ. К акту приложен исполнительный чертёж (исполнительная схема) либо накопительная excel-таблица, отражающая статусы работ («приняты и ранее вошли в КС» и «выполнены и не имеют критических замечаний к качеству») в привязке к локациям (этаж/секция). 2. Акт фиксации объёмов с приложенным исполнительным чертежом (исполнительной схемой), либо накопительной excel-таблицей выложен в SMDocs, файл "заморожен". Дата закрытия вехи: Дата завершения работ, указанная в комиссионном акте фиксации. Перед закрытием вехи в 1С РП должен проверить: 1. Наличие всех документов/писем (или ссылок на расположение в SMDocs), указанных в критерии, в 1С. 2. Дату выполнения. 3. Комиссионный акт фиксации объемов с приложенным исполнительным чертежом (исполнительной схемой), либо накопительной excel-таблицей "заморожен" в SMDocs. | O5: Да | P5: Нет | Q5: Нет | R5: Да | S5: Нет | T5: Да | U5: Да | V5: Нет | W5: Проверить и подтвердить выполнение мотивационной вехи
A6: =CONCATENATE(C6," ",H6) -> Завершены комплексные пуско-наладочные испытания для ЗОС | B6: Назначена | C6: Завершены комплексные пуско-наладочные испытания для ЗОС | D6: Завершены комплексные пуско-наладочные испытания для ЗОС | E6: Нет | F6: Основная | I6: Четвертый этап | L6: 03.04.2026 | M6: Проверить и прикрепить в 1С и SMDocs документы или ссылки на документы, подтверждающие выполнение следующих критериев: 1.Подписан комиссионный акт фиксации выполненных работ для комплексных испытаний (по следующим системам): - Система вентиляции (общедомовая); - Противодымная вентиляция; - Автоматическая пожарная сигнализация; - Система оповещения и управления эвакуацией; - Автоматическая установка пожаротушения; - Внутренний противопожарный водопровод; - Система дымоудаления; - Лифты и подъемные платформы. 2. Комиссионный акт фиксации выполненных работ для комплексных испытаний размещен в 1С, в SMDocs, файл "заморожен". Дата закрытия вехи: Дата завершения работ, указанная в комиссионном акте фиксации. Перед закрытием вехи в 1С РП должен проверить: 1. Наличие всех документов/писем (или ссылок на расположение в SMDocs), указанных в критерии, в 1С. 2. Дату выполнения. 3. Комиссионный акт фиксации выполненных работ для комплексных испытаний "заморожен" в SMDocs. | O6: Да | P6: Нет | Q6: Нет | R6: Да | S6: Нет | T6: Да | U6: Да | V6: Нет | W6: Проверить и подтвердить выполнение мотивационной вехи
A7: =CONCATENATE(C7," ",H7) -> Получено РнВ | B7: Назначена | C7: Получено РнВ | D7: Получено РнВ | E7: Да | F7: Основная | I7: Четвертый этап | L7: 16.06.2026 | M7: Проверить и прикрепить в 1С и SMDocs документы или ссылки на документы, подтверждающие выполнение следующих критериев: 1. Документ размещен в SMDocs, файл "заморожен". Дата закрытия вехи: Дата выполнения вехи = дате документа РнВ. Перед закрытием вехи в 1С РП должен проверить: 1. Наличие всех документов/писем, указанных в критерии, в 1С. 2. Дату выполнения. 3. РнВ "заморожен" в SMDocs. | O7: Да | P7: Нет | Q7: Нет | R7: Да | S7: Нет | T7: Да | U7: Да | V7: Нет | W7: Проверить и подтвердить выполнение мотивационной вехи
A8: =CONCATENATE(C8," ",H8)
A9: =CONCATENATE(C9," ",H9)
A10: =CONCATENATE(C10," ",H10)
A11: =CONCATENATE(C11," ",H11)
A12: =CONCATENATE(C12," ",H12)
A13: =CONCATENATE(C13," ",H13)
A14: =CONCATENATE(C14," ",H14)
A15: =CONCATENATE(C15," ",H15)
A16: =CONCATENATE(C16," ",H16)
A17: =CONCATENATE(C17," ",H17)
A18: =CONCATENATE(C18," ",H18)
A19: =CONCATENATE(C19," ",H19)
... A998: =CONCATENATE(C998," ",H998)
